file,line,type,commit,author,date,time,timezone,datetime,depth,length
style.css,1,css,ef065460,Amelia Wong,2025-10-24,17:21:55,-07:00,2025-10-24T17:21:55-07:00,0,4
style.css,2,css,ef065460,Amelia Wong,2025-10-24,17:21:55,-07:00,2025-10-24T17:21:55-07:00,1,34
style.css,3,css,ef065460,Amelia Wong,2025-10-24,17:21:55,-07:00,2025-10-24T17:21:55-07:00,1,32
style.css,4,css,bb0ad321,Amelia Wong,2025-10-24,19:15:57,-07:00,2025-10-24T19:15:57-07:00,1,23
style.css,5,css,ef065460,Amelia Wong,2025-10-24,17:21:55,-07:00,2025-10-24T17:21:55-07:00,0,0
style.css,6,css,ef065460,Amelia Wong,2025-10-24,17:21:55,-07:00,2025-10-24T17:21:55-07:00,0,0
style.css,7,css,6b38b725,Amelia Wong,2025-10-23,15:56:04,-07:00,2025-10-23T15:56:04-07:00,0,4
style.css,8,css,be53cf24,Amelia Wong,2025-10-24,17:13:16,-07:00,2025-10-24T17:13:16-07:00,1,10
style.css,9,css,be53cf24,Amelia Wong,2025-10-24,17:13:16,-07:00,2025-10-24T17:13:16-07:00,1,22
style.css,10,css,be53cf24,Amelia Wong,2025-10-24,17:13:16,-07:00,2025-10-24T17:13:16-07:00,1,15
style.css,11,css,be53cf24,Amelia Wong,2025-10-24,17:13:16,-07:00,2025-10-24T17:13:16-07:00,0,0
style.css,12,css,be53cf24,Amelia Wong,2025-10-24,17:13:16,-07:00,2025-10-24T17:13:16-07:00,0,0
style.css,13,css,be53cf24,Amelia Wong,2025-10-24,17:13:16,-07:00,2025-10-24T17:13:16-07:00,0,3
style.css,14,css,be53cf24,Amelia Wong,2025-10-24,17:13:16,-07:00,2025-10-24T17:13:16-07:00,1,14
style.css,15,css,be53cf24,Amelia Wong,2025-10-24,17:13:16,-07:00,2025-10-24T17:13:16-07:00,1,11
style.css,16,css,be53cf24,Amelia Wong,2025-10-24,17:13:16,-07:00,2025-10-24T17:13:16-07:00,0,0
style.css,17,css,be53cf24,Amelia Wong,2025-10-24,17:13:16,-07:00,2025-10-24T17:13:16-07:00,0,0
style.css,18,css,be53cf24,Amelia Wong,2025-10-24,17:13:16,-07:00,2025-10-24T17:13:16-07:00,0,5
style.css,19,css,be53cf24,Amelia Wong,2025-10-24,17:13:16,-07:00,2025-10-24T17:13:16-07:00,0,6
style.css,20,css,be53cf24,Amelia Wong,2025-10-24,17:13:16,-07:00,2025-10-24T17:13:16-07:00,1,16
style.css,21,css,be53cf24,Amelia Wong,2025-10-24,17:13:16,-07:00,2025-10-24T17:13:16-07:00,0,0
style.css,22,css,be53cf24,Amelia Wong,2025-10-24,17:13:16,-07:00,2025-10-24T17:13:16-07:00,0,0
style.css,23,css,be53cf24,Amelia Wong,2025-10-24,17:13:16,-07:00,2025-10-24T17:13:16-07:00,0,0
style.css,24,css,be53cf24,Amelia Wong,2025-10-24,17:13:16,-07:00,2025-10-24T17:13:16-07:00,0,4
style.css,25,css,be53cf24,Amelia Wong,2025-10-24,17:13:16,-07:00,2025-10-24T17:13:16-07:00,1,15
style.css,26,css,be53cf24,Amelia Wong,2025-10-24,17:13:16,-07:00,2025-10-24T17:13:16-07:00,1,42
style.css,27,css,be53cf24,Amelia Wong,2025-10-24,17:13:16,-07:00,2025-10-24T17:13:16-07:00,0,0
style.css,28,css,be53cf24,Amelia Wong,2025-10-24,17:13:16,-07:00,2025-10-24T17:13:16-07:00,0,0
style.css,29,css,bb0ad321,Amelia Wong,2025-10-24,19:15:57,-07:00,2025-10-24T19:15:57-07:00,0,3
style.css,30,css,bb0ad321,Amelia Wong,2025-10-24,19:15:57,-07:00,2025-10-24T19:15:57-07:00,1,39
style.css,31,css,ef065460,Amelia Wong,2025-10-24,17:21:55,-07:00,2025-10-24T17:21:55-07:00,1,12
style.css,32,css,bb0ad321,Amelia Wong,2025-10-24,19:15:57,-07:00,2025-10-24T19:15:57-07:00,1,43
style.css,33,css,ef065460,Amelia Wong,2025-10-24,17:21:55,-07:00,2025-10-24T17:21:55-07:00,1,17
style.css,34,css,ef065460,Amelia Wong,2025-10-24,17:21:55,-07:00,2025-10-24T17:21:55-07:00,0,0
style.css,35,css,ef065460,Amelia Wong,2025-10-24,17:21:55,-07:00,2025-10-24T17:21:55-07:00,0,0
style.css,36,css,ef065460,Amelia Wong,2025-10-24,17:21:55,-07:00,2025-10-24T17:21:55-07:00,0,5
style.css,37,css,ef065460,Amelia Wong,2025-10-24,17:21:55,-07:00,2025-10-24T17:21:55-07:00,1,6
style.css,38,css,ef065460,Amelia Wong,2025-10-24,17:21:55,-07:00,2025-10-24T17:21:55-07:00,1,17
style.css,39,css,ef065460,Amelia Wong,2025-10-24,17:21:55,-07:00,2025-10-24T17:21:55-07:00,1,13
style.css,40,css,ef065460,Amelia Wong,2025-10-24,17:21:55,-07:00,2025-10-24T17:21:55-07:00,1,20
style.css,41,css,ef065460,Amelia Wong,2025-10-24,17:21:55,-07:00,2025-10-24T17:21:55-07:00,1,13
style.css,42,css,ef065460,Amelia Wong,2025-10-24,17:21:55,-07:00,2025-10-24T17:21:55-07:00,0,0
style.css,43,css,ef065460,Amelia Wong,2025-10-24,17:21:55,-07:00,2025-10-24T17:21:55-07:00,0,0
style.css,44,css,ef065460,Amelia Wong,2025-10-24,17:21:55,-07:00,2025-10-24T17:21:55-07:00,0,11
style.css,45,css,ef065460,Amelia Wong,2025-10-24,17:21:55,-07:00,2025-10-24T17:21:55-07:00,1,45
style.css,46,css,bb0ad321,Amelia Wong,2025-10-24,19:15:57,-07:00,2025-10-24T19:15:57-07:00,1,69
style.css,47,css,ef065460,Amelia Wong,2025-10-24,17:21:55,-07:00,2025-10-24T17:21:55-07:00,0,0
style.css,48,css,ef065460,Amelia Wong,2025-10-24,17:21:55,-07:00,2025-10-24T17:21:55-07:00,0,0
style.css,49,css,ef065460,Amelia Wong,2025-10-24,17:21:55,-07:00,2025-10-24T17:21:55-07:00,0,13
style.css,50,css,bb0ad321,Amelia Wong,2025-10-24,19:15:57,-07:00,2025-10-24T19:15:57-07:00,1,45
style.css,51,css,ef065460,Amelia Wong,2025-10-24,17:21:55,-07:00,2025-10-24T17:21:55-07:00,1,20
style.css,52,css,ef065460,Amelia Wong,2025-10-24,17:21:55,-07:00,2025-10-24T17:21:55-07:00,1,16
style.css,53,css,d0488045,Amelia Wong,2025-10-24,17:38:51,-07:00,2025-10-24T17:38:51-07:00,0,0
style.css,54,css,d0488045,Amelia Wong,2025-10-24,17:38:51,-07:00,2025-10-24T17:38:51-07:00,0,0
style.css,55,css,d0488045,Amelia Wong,2025-10-24,17:38:51,-07:00,2025-10-24T17:38:51-07:00,0,4
style.css,56,css,d0488045,Amelia Wong,2025-10-24,17:38:51,-07:00,2025-10-24T17:38:51-07:00,0,7
style.css,57,css,d0488045,Amelia Wong,2025-10-24,17:38:51,-07:00,2025-10-24T17:38:51-07:00,0,6
style.css,58,css,d0488045,Amelia Wong,2025-10-24,17:38:51,-07:00,2025-10-24T17:38:51-07:00,1,12
style.css,59,css,d0488045,Amelia Wong,2025-10-24,17:38:51,-07:00,2025-10-24T17:38:51-07:00,0,0
style.css,60,css,d0488045,Amelia Wong,2025-10-24,17:38:51,-07:00,2025-10-24T17:38:51-07:00,0,0
style.css,61,css,d0488045,Amelia Wong,2025-10-24,17:38:51,-07:00,2025-10-24T17:38:51-07:00,0,4
style.css,62,css,d0488045,Amelia Wong,2025-10-24,17:38:51,-07:00,2025-10-24T17:38:51-07:00,2,12
style.css,63,css,d0488045,Amelia Wong,2025-10-24,17:38:51,-07:00,2025-10-24T17:38:51-07:00,2,30
style.css,64,css,d0488045,Amelia Wong,2025-10-24,17:38:51,-07:00,2025-10-24T17:38:51-07:00,2,7
style.css,65,css,d0488045,Amelia Wong,2025-10-24,17:38:51,-07:00,2025-10-24T17:38:51-07:00,0,0
style.css,66,css,d0488045,Amelia Wong,2025-10-24,17:38:51,-07:00,2025-10-24T17:38:51-07:00,0,0
style.css,67,css,d0488045,Amelia Wong,2025-10-24,17:38:51,-07:00,2025-10-24T17:38:51-07:00,0,10
style.css,68,css,d0488045,Amelia Wong,2025-10-24,17:38:51,-07:00,2025-10-24T17:38:51-07:00,2,16
style.css,69,css,d0488045,Amelia Wong,2025-10-24,17:38:51,-07:00,2025-10-24T17:38:51-07:00,0,0
style.css,70,css,d0488045,Amelia Wong,2025-10-24,17:38:51,-07:00,2025-10-24T17:38:51-07:00,0,0
style.css,71,css,322f8f19,Amelia Wong,2025-10-24,17:50:49,-07:00,2025-10-24T17:50:49-07:00,0,9
style.css,72,css,322f8f19,Amelia Wong,2025-10-24,17:50:49,-07:00,2025-10-24T17:50:49-07:00,2,16
style.css,73,css,322f8f19,Amelia Wong,2025-10-24,17:50:49,-07:00,2025-10-24T17:50:49-07:00,0,0
style.css,74,css,322f8f19,Amelia Wong,2025-10-24,17:50:49,-07:00,2025-10-24T17:50:49-07:00,0,0
style.css,75,css,d0488045,Amelia Wong,2025-10-24,17:38:51,-07:00,2025-10-24T17:38:51-07:00,0,9
style.css,76,css,d0488045,Amelia Wong,2025-10-24,17:38:51,-07:00,2025-10-24T17:38:51-07:00,0,13
style.css,77,css,d0488045,Amelia Wong,2025-10-24,17:38:51,-07:00,2025-10-24T17:38:51-07:00,2,10
style.css,78,css,d0488045,Amelia Wong,2025-10-24,17:38:51,-07:00,2025-10-24T17:38:51-07:00,0,0
style.css,79,css,d0488045,Amelia Wong,2025-10-24,17:38:51,-07:00,2025-10-24T17:38:51-07:00,0,0
style.css,80,css,d0488045,Amelia Wong,2025-10-24,17:38:51,-07:00,2025-10-24T17:38:51-07:00,0,11
style.css,81,css,d0488045,Amelia Wong,2025-10-24,17:38:51,-07:00,2025-10-24T17:38:51-07:00,2,18
style.css,82,css,7394f137,Amelia Wong,2025-10-24,17:58:30,-07:00,2025-10-24T17:58:30-07:00,0,0
style.css,83,css,7394f137,Amelia Wong,2025-10-24,17:58:30,-07:00,2025-10-24T17:58:30-07:00,0,0
style.css,84,css,7394f137,Amelia Wong,2025-10-24,17:58:30,-07:00,2025-10-24T17:58:30-07:00,0,9
style.css,85,css,7394f137,Amelia Wong,2025-10-24,17:58:30,-07:00,2025-10-24T17:58:30-07:00,2,12
style.css,86,css,7394f137,Amelia Wong,2025-10-24,17:58:30,-07:00,2025-10-24T17:58:30-07:00,2,58
style.css,87,css,7394f137,Amelia Wong,2025-10-24,17:58:30,-07:00,2025-10-24T17:58:30-07:00,2,7
style.css,88,css,7394f137,Amelia Wong,2025-10-24,17:58:30,-07:00,2025-10-24T17:58:30-07:00,0,0
style.css,89,css,7394f137,Amelia Wong,2025-10-24,17:58:30,-07:00,2025-10-24T17:58:30-07:00,0,0
style.css,90,css,7394f137,Amelia Wong,2025-10-24,17:58:30,-07:00,2025-10-24T17:58:30-07:00,0,17
style.css,91,css,7394f137,Amelia Wong,2025-10-24,17:58:30,-07:00,2025-10-24T17:58:30-07:00,2,12
style.css,92,css,7394f137,Amelia Wong,2025-10-24,17:58:30,-07:00,2025-10-24T17:58:30-07:00,2,26
style.css,93,css,7394f137,Amelia Wong,2025-10-24,17:58:30,-07:00,2025-10-24T17:58:30-07:00,2,15
style.css,94,css,7394f137,Amelia Wong,2025-10-24,17:58:30,-07:00,2025-10-24T17:58:30-07:00,2,7
style.css,95,css,7394f137,Amelia Wong,2025-10-24,17:58:30,-07:00,2025-10-24T17:58:30-07:00,0,0
style.css,96,css,7394f137,Amelia Wong,2025-10-24,17:58:30,-07:00,2025-10-24T17:58:30-07:00,0,0
style.css,97,css,7394f137,Amelia Wong,2025-10-24,17:58:30,-07:00,2025-10-24T17:58:30-07:00,0,20
style.css,98,css,7394f137,Amelia Wong,2025-10-24,17:58:30,-07:00,2025-10-24T17:58:30-07:00,2,8
style.css,99,css,574d0f29,Amelia Wong,2025-10-24,18:03:33,-07:00,2025-10-24T18:03:33-07:00,0,0
style.css,100,css,574d0f29,Amelia Wong,2025-10-24,18:03:33,-07:00,2025-10-24T18:03:33-07:00,0,0
style.css,101,css,574d0f29,Amelia Wong,2025-10-24,18:03:33,-07:00,2025-10-24T18:03:33-07:00,0,22
style.css,102,css,574d0f29,Amelia Wong,2025-10-24,18:03:33,-07:00,2025-10-24T18:03:33-07:00,2,15
style.css,103,css,574d0f29,Amelia Wong,2025-10-24,18:03:33,-07:00,2025-10-24T18:03:33-07:00,2,17
style.css,104,css,574d0f29,Amelia Wong,2025-10-24,18:03:33,-07:00,2025-10-24T18:03:33-07:00,2,14
style.css,105,css,574d0f29,Amelia Wong,2025-10-24,18:03:33,-07:00,2025-10-24T18:03:33-07:00,0,0
style.css,106,css,574d0f29,Amelia Wong,2025-10-24,18:03:33,-07:00,2025-10-24T18:03:33-07:00,0,0
style.css,107,css,574d0f29,Amelia Wong,2025-10-24,18:03:33,-07:00,2025-10-24T18:03:33-07:00,0,0
style.css,108,css,574d0f29,Amelia Wong,2025-10-24,18:03:33,-07:00,2025-10-24T18:03:33-07:00,0,2
style.css,109,css,574d0f29,Amelia Wong,2025-10-24,18:03:33,-07:00,2025-10-24T18:03:33-07:00,2,13
style.css,110,css,574d0f29,Amelia Wong,2025-10-24,18:03:33,-07:00,2025-10-24T18:03:33-07:00,0,0
style.css,111,css,574d0f29,Amelia Wong,2025-10-24,18:03:33,-07:00,2025-10-24T18:03:33-07:00,0,0
style.css,112,css,574d0f29,Amelia Wong,2025-10-24,18:03:33,-07:00,2025-10-24T18:03:33-07:00,0,11
style.css,113,css,60bc2c9e,Amelia Wong,2025-10-24,18:20:40,-07:00,2025-10-24T18:20:40-07:00,2,24
style.css,114,css,574d0f29,Amelia Wong,2025-10-24,18:03:33,-07:00,2025-10-24T18:03:33-07:00,2,18
style.css,115,css,574d0f29,Amelia Wong,2025-10-24,18:03:33,-07:00,2025-10-24T18:03:33-07:00,2,11
style.css,116,css,574d0f29,Amelia Wong,2025-10-24,18:03:33,-07:00,2025-10-24T18:03:33-07:00,0,0
style.css,117,css,574d0f29,Amelia Wong,2025-10-24,18:03:33,-07:00,2025-10-24T18:03:33-07:00,0,0
style.css,118,css,574d0f29,Amelia Wong,2025-10-24,18:03:33,-07:00,2025-10-24T18:03:33-07:00,0,0
style.css,119,css,574d0f29,Amelia Wong,2025-10-24,18:03:33,-07:00,2025-10-24T18:03:33-07:00,0,46
style.css,120,css,bc9fab02,Amelia Wong,2025-10-24,18:15:51,-07:00,2025-10-24T18:15:51-07:00,2,26
style.css,121,css,bc9fab02,Amelia Wong,2025-10-24,18:15:51,-07:00,2025-10-24T18:15:51-07:00,2,28
style.css,122,css,bc9fab02,Amelia Wong,2025-10-24,18:15:51,-07:00,2025-10-24T18:15:51-07:00,2,25
style.css,123,css,bc9fab02,Amelia Wong,2025-10-24,18:15:51,-07:00,2025-10-24T18:15:51-07:00,2,30
style.css,124,css,574d0f29,Amelia Wong,2025-10-24,18:03:33,-07:00,2025-10-24T18:03:33-07:00,0,0
style.css,125,css,574d0f29,Amelia Wong,2025-10-24,18:03:33,-07:00,2025-10-24T18:03:33-07:00,0,0
style.css,126,css,574d0f29,Amelia Wong,2025-10-24,18:03:33,-07:00,2025-10-24T18:03:33-07:00,0,14
style.css,127,css,574d0f29,Amelia Wong,2025-10-24,18:03:33,-07:00,2025-10-24T18:03:33-07:00,2,15
style.css,128,css,574d0f29,Amelia Wong,2025-10-24,18:03:33,-07:00,2025-10-24T18:03:33-07:00,0,0
style.css,129,css,574d0f29,Amelia Wong,2025-10-24,18:03:33,-07:00,2025-10-24T18:03:33-07:00,0,0
style.css,130,css,574d0f29,Amelia Wong,2025-10-24,18:03:33,-07:00,2025-10-24T18:03:33-07:00,0,14
style.css,131,css,574d0f29,Amelia Wong,2025-10-24,18:03:33,-07:00,2025-10-24T18:03:33-07:00,2,13
style.css,132,css,574d0f29,Amelia Wong,2025-10-24,18:03:33,-07:00,2025-10-24T18:03:33-07:00,0,0
style.css,133,css,574d0f29,Amelia Wong,2025-10-24,18:03:33,-07:00,2025-10-24T18:03:33-07:00,0,0
style.css,134,css,574d0f29,Amelia Wong,2025-10-24,18:03:33,-07:00,2025-10-24T18:03:33-07:00,0,14
style.css,135,css,574d0f29,Amelia Wong,2025-10-24,18:03:33,-07:00,2025-10-24T18:03:33-07:00,2,15
style.css,136,css,574d0f29,Amelia Wong,2025-10-24,18:03:33,-07:00,2025-10-24T18:03:33-07:00,0,0
style.css,137,css,574d0f29,Amelia Wong,2025-10-24,18:03:33,-07:00,2025-10-24T18:03:33-07:00,0,0
style.css,138,css,574d0f29,Amelia Wong,2025-10-24,18:03:33,-07:00,2025-10-24T18:03:33-07:00,0,19
style.css,139,css,574d0f29,Amelia Wong,2025-10-24,18:03:33,-07:00,2025-10-24T18:03:33-07:00,2,17
style.css,140,css,574d0f29,Amelia Wong,2025-10-24,18:03:33,-07:00,2025-10-24T18:03:33-07:00,0,0
style.css,141,css,574d0f29,Amelia Wong,2025-10-24,18:03:33,-07:00,2025-10-24T18:03:33-07:00,0,0
style.css,142,css,574d0f29,Amelia Wong,2025-10-24,18:03:33,-07:00,2025-10-24T18:03:33-07:00,0,27
style.css,143,css,574d0f29,Amelia Wong,2025-10-24,18:03:33,-07:00,2025-10-24T18:03:33-07:00,2,17
style.css,144,css,574d0f29,Amelia Wong,2025-10-24,18:03:33,-07:00,2025-10-24T18:03:33-07:00,0,0
style.css,145,css,574d0f29,Amelia Wong,2025-10-24,18:03:33,-07:00,2025-10-24T18:03:33-07:00,0,0
style.css,146,css,574d0f29,Amelia Wong,2025-10-24,18:03:33,-07:00,2025-10-24T18:03:33-07:00,0,14
style.css,147,css,574d0f29,Amelia Wong,2025-10-24,18:03:33,-07:00,2025-10-24T18:03:33-07:00,2,24
style.css,148,css,574d0f29,Amelia Wong,2025-10-24,18:03:33,-07:00,2025-10-24T18:03:33-07:00,0,0
style.css,149,css,574d0f29,Amelia Wong,2025-10-24,18:03:33,-07:00,2025-10-24T18:03:33-07:00,0,0
style.css,150,css,574d0f29,Amelia Wong,2025-10-24,18:03:33,-07:00,2025-10-24T18:03:33-07:00,0,13
style.css,151,css,574d0f29,Amelia Wong,2025-10-24,18:03:33,-07:00,2025-10-24T18:03:33-07:00,2,25
style.css,152,css,574d0f29,Amelia Wong,2025-10-24,18:03:33,-07:00,2025-10-24T18:03:33-07:00,2,20
style.css,153,css,574d0f29,Amelia Wong,2025-10-24,18:03:33,-07:00,2025-10-24T18:03:33-07:00,0,0
style.css,154,css,574d0f29,Amelia Wong,2025-10-24,18:03:33,-07:00,2025-10-24T18:03:33-07:00,0,0
style.css,155,css,574d0f29,Amelia Wong,2025-10-24,18:03:33,-07:00,2025-10-24T18:03:33-07:00,0,19
style.css,156,css,574d0f29,Amelia Wong,2025-10-24,18:03:33,-07:00,2025-10-24T18:03:33-07:00,2,25
style.css,157,css,574d0f29,Amelia Wong,2025-10-24,18:03:33,-07:00,2025-10-24T18:03:33-07:00,0,0
style.css,158,css,574d0f29,Amelia Wong,2025-10-24,18:03:33,-07:00,2025-10-24T18:03:33-07:00,0,0
style.css,159,css,574d0f29,Amelia Wong,2025-10-24,18:03:33,-07:00,2025-10-24T18:03:33-07:00,0,16
style.css,160,css,574d0f29,Amelia Wong,2025-10-24,18:03:33,-07:00,2025-10-24T18:03:33-07:00,2,17
style.css,161,css,574d0f29,Amelia Wong,2025-10-24,18:03:33,-07:00,2025-10-24T18:03:33-07:00,2,10
style.css,162,css,bb0ad321,Amelia Wong,2025-10-24,19:15:57,-07:00,2025-10-24T19:15:57-07:00,0,0
style.css,163,css,bb0ad321,Amelia Wong,2025-10-24,19:15:57,-07:00,2025-10-24T19:15:57-07:00,0,0
style.css,164,css,bb0ad321,Amelia Wong,2025-10-24,19:15:57,-07:00,2025-10-24T19:15:57-07:00,0,18
style.css,165,css,bb0ad321,Amelia Wong,2025-10-24,19:15:57,-07:00,2025-10-24T19:15:57-07:00,2,17
style.css,166,css,20d5ecd4,Amelia Wong,2025-10-24,19:22:13,-07:00,2025-10-24T19:22:13-07:00,2,10
style.css,167,css,bb0ad321,Amelia Wong,2025-10-24,19:15:57,-07:00,2025-10-24T19:15:57-07:00,2,10
style.css,168,css,bb0ad321,Amelia Wong,2025-10-24,19:15:57,-07:00,2025-10-24T19:15:57-07:00,2,15
style.css,169,css,bb0ad321,Amelia Wong,2025-10-24,19:15:57,-07:00,2025-10-24T19:15:57-07:00,2,19
style.css,170,css,bb0ad321,Amelia Wong,2025-10-24,19:15:57,-07:00,2025-10-24T19:15:57-07:00,2,22
style.css,171,css,bb0ad321,Amelia Wong,2025-10-24,19:15:57,-07:00,2025-10-24T19:15:57-07:00,2,12
style.css,172,css,bb0ad321,Amelia Wong,2025-10-24,19:15:57,-07:00,2025-10-24T19:15:57-07:00,0,0
style.css,173,css,bb0ad321,Amelia Wong,2025-10-24,19:15:57,-07:00,2025-10-24T19:15:57-07:00,0,0
style.css,174,css,bb0ad321,Amelia Wong,2025-10-24,19:15:57,-07:00,2025-10-24T19:15:57-07:00,0,25
style.css,175,css,bb0ad321,Amelia Wong,2025-10-24,19:15:57,-07:00,2025-10-24T19:15:57-07:00,2,17
style.css,176,css,bb0ad321,Amelia Wong,2025-10-24,19:15:57,-07:00,2025-10-24T19:15:57-07:00,2,12
style.css,177,css,bb0ad321,Amelia Wong,2025-10-24,19:15:57,-07:00,2025-10-24T19:15:57-07:00,2,19
style.css,178,css,1c90df3b,Amelia Wong,2025-10-30,23:37:32,-07:00,2025-10-30T23:37:32-07:00,0,0
style.css,179,css,1c90df3b,Amelia Wong,2025-10-30,23:37:32,-07:00,2025-10-30T23:37:32-07:00,0,0
style.css,180,css,1c90df3b,Amelia Wong,2025-10-30,23:37:32,-07:00,2025-10-30T23:37:32-07:00,0,19
style.css,181,css,1c90df3b,Amelia Wong,2025-10-30,23:37:32,-07:00,2025-10-30T23:37:32-07:00,1,10
style.css,182,css,1c90df3b,Amelia Wong,2025-10-30,23:37:32,-07:00,2025-10-30T23:37:32-07:00,1,30
style.css,183,css,1c90df3b,Amelia Wong,2025-10-30,23:37:32,-07:00,2025-10-30T23:37:32-07:00,1,34
style.css,184,css,1c90df3b,Amelia Wong,2025-10-30,23:37:32,-07:00,2025-10-30T23:37:32-07:00,1,15
style.css,185,css,1c90df3b,Amelia Wong,2025-10-30,23:37:32,-07:00,2025-10-30T23:37:32-07:00,1,17
style.css,186,css,1c90df3b,Amelia Wong,2025-10-30,23:37:32,-07:00,2025-10-30T23:37:32-07:00,0,0
style.css,187,css,1c90df3b,Amelia Wong,2025-10-30,23:37:32,-07:00,2025-10-30T23:37:32-07:00,0,0
style.css,188,css,1c90df3b,Amelia Wong,2025-10-30,23:37:32,-07:00,2025-10-30T23:37:32-07:00,0,18
style.css,189,css,1c90df3b,Amelia Wong,2025-10-30,23:37:32,-07:00,2025-10-30T23:37:32-07:00,1,14
style.css,190,css,1c90df3b,Amelia Wong,2025-10-30,23:37:32,-07:00,2025-10-30T23:37:32-07:00,1,16
style.css,191,css,1c90df3b,Amelia Wong,2025-10-30,23:37:32,-07:00,2025-10-30T23:37:32-07:00,0,0
style.css,192,css,1c90df3b,Amelia Wong,2025-10-30,23:37:32,-07:00,2025-10-30T23:37:32-07:00,1,16
style.css,193,css,b32d8733,Amelia Wong,2025-10-31,01:16:20,-07:00,2025-10-31T01:16:20-07:00,0,0
style.css,194,css,b32d8733,Amelia Wong,2025-10-31,01:16:20,-07:00,2025-10-31T01:16:20-07:00,0,0
style.css,195,css,974e475c,Amelia Wong,2025-10-31,01:47:25,-07:00,2025-10-31T01:47:25-07:00,0,10
style.css,196,css,974e475c,Amelia Wong,2025-10-31,01:47:25,-07:00,2025-10-31T01:47:25-07:00,1,12
style.css,197,css,a64a78a2,Amelia Wong,2025-10-31,01:56:59,-07:00,2025-10-31T01:56:59-07:00,1,18
style.css,198,css,974e475c,Amelia Wong,2025-10-31,01:47:25,-07:00,2025-10-31T01:47:25-07:00,1,7
style.css,199,css,974e475c,Amelia Wong,2025-10-31,01:47:25,-07:00,2025-10-31T01:47:25-07:00,1,14
style.css,200,css,974e475c,Amelia Wong,2025-10-31,01:47:25,-07:00,2025-10-31T01:47:25-07:00,0,0
style.css,201,css,974e475c,Amelia Wong,2025-10-31,01:47:25,-07:00,2025-10-31T01:47:25-07:00,0,0
style.css,202,css,b32d8733,Amelia Wong,2025-10-31,01:16:20,-07:00,2025-10-31T01:16:20-07:00,0,7
style.css,203,css,974e475c,Amelia Wong,2025-10-31,01:47:25,-07:00,2025-10-31T01:47:25-07:00,1,6
style.css,204,css,b32d8733,Amelia Wong,2025-10-31,01:16:20,-07:00,2025-10-31T01:16:20-07:00,1,12
style.css,205,css,b32d8733,Amelia Wong,2025-10-31,01:16:20,-07:00,2025-10-31T01:16:20-07:00,1,57
style.css,206,css,b32d8733,Amelia Wong,2025-10-31,01:16:20,-07:00,2025-10-31T01:16:20-07:00,1,7
style.css,207,css,b32d8733,Amelia Wong,2025-10-31,01:16:20,-07:00,2025-10-31T01:16:20-07:00,1,15
style.css,208,css,b32d8733,Amelia Wong,2025-10-31,01:16:20,-07:00,2025-10-31T01:16:20-07:00,1,11
style.css,209,css,974e475c,Amelia Wong,2025-10-31,01:47:25,-07:00,2025-10-31T01:47:25-07:00,1,8
style.css,210,css,974e475c,Amelia Wong,2025-10-31,01:47:25,-07:00,2025-10-31T01:47:25-07:00,1,21
style.css,211,css,b32d8733,Amelia Wong,2025-10-31,01:16:20,-07:00,2025-10-31T01:16:20-07:00,1,17
style.css,212,css,b32d8733,Amelia Wong,2025-10-31,01:16:20,-07:00,2025-10-31T01:16:20-07:00,0,0
style.css,213,css,b32d8733,Amelia Wong,2025-10-31,01:16:20,-07:00,2025-10-31T01:16:20-07:00,0,0
style.css,214,css,b32d8733,Amelia Wong,2025-10-31,01:16:20,-07:00,2025-10-31T01:16:20-07:00,0,12
style.css,215,css,b32d8733,Amelia Wong,2025-10-31,01:16:20,-07:00,2025-10-31T01:16:20-07:00,1,12
style.css,216,css,b32d8733,Amelia Wong,2025-10-31,01:16:20,-07:00,2025-10-31T01:16:20-07:00,1,18
style.css,217,css,b32d8733,Amelia Wong,2025-10-31,01:16:20,-07:00,2025-10-31T01:16:20-07:00,1,9
style.css,218,css,b32d8733,Amelia Wong,2025-10-31,01:16:20,-07:00,2025-10-31T01:16:20-07:00,0,0
style.css,219,css,b32d8733,Amelia Wong,2025-10-31,01:16:20,-07:00,2025-10-31T01:16:20-07:00,0,0
style.css,220,css,b32d8733,Amelia Wong,2025-10-31,01:16:20,-07:00,2025-10-31T01:16:20-07:00,0,20
style.css,221,css,b32d8733,Amelia Wong,2025-10-31,01:16:20,-07:00,2025-10-31T01:16:20-07:00,1,9
style.css,222,css,b32d8733,Amelia Wong,2025-10-31,01:16:20,-07:00,2025-10-31T01:16:20-07:00,1,10
style.css,223,css,b32d8733,Amelia Wong,2025-10-31,01:16:20,-07:00,2025-10-31T01:16:20-07:00,1,29
style.css,224,css,b32d8733,Amelia Wong,2025-10-31,01:16:20,-07:00,2025-10-31T01:16:20-07:00,1,17
style.css,225,css,974e475c,Amelia Wong,2025-10-31,01:47:25,-07:00,2025-10-31T01:47:25-07:00,0,0
style.css,226,css,b13809a9,Amelia Wong,2025-10-31,02:46:39,-07:00,2025-10-31T02:46:39-07:00,0,0
style.css,227,css,b13809a9,Amelia Wong,2025-10-31,02:46:39,-07:00,2025-10-31T02:46:39-07:00,0,23
style.css,228,css,b13809a9,Amelia Wong,2025-10-31,02:46:39,-07:00,2025-10-31T02:46:39-07:00,1,24
style.css,229,css,b13809a9,Amelia Wong,2025-10-31,02:46:39,-07:00,2025-10-31T02:46:39-07:00,1,14
style.css,230,css,b13809a9,Amelia Wong,2025-10-31,02:46:39,-07:00,2025-10-31T02:46:39-07:00,0,0
style.css,231,css,b13809a9,Amelia Wong,2025-10-31,02:46:39,-07:00,2025-10-31T02:46:39-07:00,0,0
style.css,232,css,b13809a9,Amelia Wong,2025-10-31,02:46:39,-07:00,2025-10-31T02:46:39-07:00,0,66
style.css,233,css,b13809a9,Amelia Wong,2025-10-31,02:46:39,-07:00,2025-10-31T02:46:39-07:00,1,11
style.css,234,css,b13809a9,Amelia Wong,2025-10-31,02:46:39,-07:00,2025-10-31T02:46:39-07:00,0,0
style.css,235,css,b13809a9,Amelia Wong,2025-10-31,02:46:39,-07:00,2025-10-31T02:46:39-07:00,0,0
style.css,236,css,b13809a9,Amelia Wong,2025-10-31,02:46:39,-07:00,2025-10-31T02:46:39-07:00,0,31
style.css,237,css,b13809a9,Amelia Wong,2025-10-31,02:46:39,-07:00,2025-10-31T02:46:39-07:00,0,29
style.css,238,css,b13809a9,Amelia Wong,2025-10-31,02:46:39,-07:00,2025-10-31T02:46:39-07:00,1,35
style.css,239,css,b13809a9,Amelia Wong,2025-10-31,02:46:39,-07:00,2025-10-31T02:46:39-07:00,1,32
style.css,240,css,b13809a9,Amelia Wong,2025-10-31,02:46:39,-07:00,2025-10-31T02:46:39-07:00,0,0
style.css,241,css,b13809a9,Amelia Wong,2025-10-31,02:46:39,-07:00,2025-10-31T02:46:39-07:00,0,0
style.css,242,css,b13809a9,Amelia Wong,2025-10-31,02:46:39,-07:00,2025-10-31T02:46:39-07:00,0,4
style.css,243,css,b13809a9,Amelia Wong,2025-10-31,02:46:39,-07:00,2025-10-31T02:46:39-07:00,1,14
style.css,244,css,b13809a9,Amelia Wong,2025-10-31,02:46:39,-07:00,2025-10-31T02:46:39-07:00,1,24
style.css,245,css,b13809a9,Amelia Wong,2025-10-31,02:46:39,-07:00,2025-10-31T02:46:39-07:00,0,0
index.js,1,js,0e79b5b7,Amelia Wong,2025-10-24,23:04:12,-07:00,2025-10-24T23:04:12-07:00,0,71
index.js,2,js,10cfaf64,Amelia Wong,2025-10-24,21:25:38,-07:00,2025-10-24T21:25:38-07:00,0,0
index.js,3,js,10cfaf64,Amelia Wong,2025-10-24,21:25:38,-07:00,2025-10-24T21:25:38-07:00,0,54
index.js,4,js,10cfaf64,Amelia Wong,2025-10-24,21:25:38,-07:00,2025-10-24T21:25:38-07:00,0,0
index.js,5,js,10cfaf64,Amelia Wong,2025-10-24,21:25:38,-07:00,2025-10-24T21:25:38-07:00,0,42
index.js,6,js,10cfaf64,Amelia Wong,2025-10-24,21:25:38,-07:00,2025-10-24T21:25:38-07:00,0,0
index.js,7,js,10cfaf64,Amelia Wong,2025-10-24,21:25:38,-07:00,2025-10-24T21:25:38-07:00,0,60
index.js,8,js,10cfaf64,Amelia Wong,2025-10-24,21:25:38,-07:00,2025-10-24T21:25:38-07:00,0,0
index.js,9,js,10cfaf64,Amelia Wong,2025-10-24,21:25:38,-07:00,2025-10-24T21:25:38-07:00,0,54
index.js,10,js,10cfaf64,Amelia Wong,2025-10-24,21:25:38,-07:00,2025-10-24T21:25:38-07:00,0,0
index.js,11,js,0e79b5b7,Amelia Wong,2025-10-24,23:04:12,-07:00,2025-10-24T23:04:12-07:00,0,49
index.js,12,js,10cfaf64,Amelia Wong,2025-10-24,21:25:38,-07:00,2025-10-24T21:25:38-07:00,0,0
index.js,13,js,10cfaf64,Amelia Wong,2025-10-24,21:25:38,-07:00,2025-10-24T21:25:38-07:00,0,60
index.js,14,js,10cfaf64,Amelia Wong,2025-10-24,21:25:38,-07:00,2025-10-24T21:25:38-07:00,0,0
index.js,15,js,10cfaf64,Amelia Wong,2025-10-24,21:25:38,-07:00,2025-10-24T21:25:38-07:00,0,17
index.js,16,js,10cfaf64,Amelia Wong,2025-10-24,21:25:38,-07:00,2025-10-24T21:25:38-07:00,1,24
index.js,17,js,10cfaf64,Amelia Wong,2025-10-24,21:25:38,-07:00,2025-10-24T21:25:38-07:00,2,2
index.js,18,js,10cfaf64,Amelia Wong,2025-10-24,21:25:38,-07:00,2025-10-24T21:25:38-07:00,3,55
index.js,19,js,10cfaf64,Amelia Wong,2025-10-24,21:25:38,-07:00,2025-10-24T21:25:38-07:00,3,55
index.js,20,js,10cfaf64,Amelia Wong,2025-10-24,21:25:38,-07:00,2025-10-24T21:25:38-07:00,3,49
index.js,21,js,10cfaf64,Amelia Wong,2025-10-24,21:25:38,-07:00,2025-10-24T21:25:38-07:00,3,49
index.js,22,js,10cfaf64,Amelia Wong,2025-10-24,21:25:38,-07:00,2025-10-24T21:25:38-07:00,2,3
index.js,23,js,10cfaf64,Amelia Wong,2025-10-24,21:25:38,-07:00,2025-10-24T21:25:38-07:00,1,0
index.js,24,js,221cb0d7,Amelia Wong,2025-10-31,00:47:23,-07:00,2025-10-31T00:47:23-07:00,0,0
index.js,25,js,221cb0d7,Amelia Wong,2025-10-31,00:47:23,-07:00,2025-10-31T00:47:23-07:00,0,0
index.html,1,html,8e1d5976,Amelia Wong,2025-10-23,15:29:05,-07:00,2025-10-23T15:29:05-07:00,0,13
index.html,2,html,8e1d5976,Amelia Wong,2025-10-23,15:29:05,-07:00,2025-10-23T15:29:05-07:00,0,14
index.html,3,html,8e1d5976,Amelia Wong,2025-10-23,15:29:05,-07:00,2025-10-23T15:29:05-07:00,0,4
index.html,4,html,be53cf24,Amelia Wong,2025-10-24,17:13:16,-07:00,2025-10-24T17:13:16-07:00,2,38
index.html,5,html,8e1d5976,Amelia Wong,2025-10-23,15:29:05,-07:00,2025-10-23T15:29:05-07:00,2,20
index.html,6,html,8e1d5976,Amelia Wong,2025-10-23,15:29:05,-07:00,2025-10-23T15:29:05-07:00,2,68
index.html,7,html,60bc2c9e,Amelia Wong,2025-10-24,18:20:40,-07:00,2025-10-24T18:20:40-07:00,2,45
index.html,8,html,d0488045,Amelia Wong,2025-10-24,17:38:51,-07:00,2025-10-24T17:38:51-07:00,2,53
index.html,9,html,d0488045,Amelia Wong,2025-10-24,17:38:51,-07:00,2025-10-24T17:38:51-07:00,0,0
index.html,10,html,8e1d5976,Amelia Wong,2025-10-23,15:29:05,-07:00,2025-10-23T15:29:05-07:00,0,5
index.html,11,html,8e1d5976,Amelia Wong,2025-10-23,15:29:05,-07:00,2025-10-23T15:29:05-07:00,0,4
index.html,12,html,be53cf24,Amelia Wong,2025-10-24,17:13:16,-07:00,2025-10-24T17:13:16-07:00,2,6
index.html,13,html,be53cf24,Amelia Wong,2025-10-24,17:13:16,-07:00,2025-10-24T17:13:16-07:00,4,18
index.html,14,html,10cfaf64,Amelia Wong,2025-10-24,21:25:38,-07:00,2025-10-24T21:25:38-07:00,4,0
index.html,15,html,154ffeed,Amelia Wong,2025-10-24,18:30:06,-07:00,2025-10-24T18:30:06-07:00,4,79
index.html,16,html,0e79b5b7,Amelia Wong,2025-10-24,23:04:12,-07:00,2025-10-24T23:04:12-07:00,4,117
index.html,17,html,154ffeed,Amelia Wong,2025-10-24,18:30:06,-07:00,2025-10-24T18:30:06-07:00,4,0
index.html,18,html,be53cf24,Amelia Wong,2025-10-24,17:13:16,-07:00,2025-10-24T17:13:16-07:00,2,7
index.html,19,html,be53cf24,Amelia Wong,2025-10-24,17:13:16,-07:00,2025-10-24T17:13:16-07:00,2,4
index.html,20,html,10cfaf64,Amelia Wong,2025-10-24,21:25:38,-07:00,2025-10-24T21:25:38-07:00,4,22
index.html,21,html,10cfaf64,Amelia Wong,2025-10-24,21:25:38,-07:00,2025-10-24T21:25:38-07:00,4,26
index.html,22,html,10cfaf64,Amelia Wong,2025-10-24,21:25:38,-07:00,2025-10-24T21:25:38-07:00,4,27
index.html,23,html,10cfaf64,Amelia Wong,2025-10-24,21:25:38,-07:00,2025-10-24T21:25:38-07:00,6,27
index.html,24,html,10cfaf64,Amelia Wong,2025-10-24,21:25:38,-07:00,2025-10-24T21:25:38-07:00,6,28
index.html,25,html,10cfaf64,Amelia Wong,2025-10-24,21:25:38,-07:00,2025-10-24T21:25:38-07:00,4,8
index.html,26,html,1c90df3b,Amelia Wong,2025-10-30,23:37:32,-07:00,2025-10-30T23:37:32-07:00,4,0
index.html,27,html,be53cf24,Amelia Wong,2025-10-24,17:13:16,-07:00,2025-10-24T17:13:16-07:00,2,5
index.html,28,html,10cfaf64,Amelia Wong,2025-10-24,21:25:38,-07:00,2025-10-24T21:25:38-07:00,2,0
index.html,29,html,10cfaf64,Amelia Wong,2025-10-24,21:25:38,-07:00,2025-10-24T21:25:38-07:00,2,50
index.html,30,html,8e1d5976,Amelia Wong,2025-10-23,15:29:05,-07:00,2025-10-23T15:29:05-07:00,0,5
index.html,31,html,8e1d5976,Amelia Wong,2025-10-23,15:29:05,-07:00,2025-10-23T15:29:05-07:00,0,5
global.js,1,js,60bc2c9e,Amelia Wong,2025-10-24,18:20:40,-07:00,2025-10-24T18:20:40-07:00,0,41
global.js,2,js,60bc2c9e,Amelia Wong,2025-10-24,18:20:40,-07:00,2025-10-24T18:20:40-07:00,1,52
global.js,3,js,154ffeed,Amelia Wong,2025-10-24,18:30:06,-07:00,2025-10-24T18:30:06-07:00,0,0
global.js,4,js,154ffeed,Amelia Wong,2025-10-24,18:30:06,-07:00,2025-10-24T18:30:06-07:00,0,0
global.js,5,js,3fd3dd67,Amelia Wong,2025-10-24,18:55:20,-07:00,2025-10-24T18:55:20-07:00,0,11
global.js,6,js,3fd3dd67,Amelia Wong,2025-10-24,18:55:20,-07:00,2025-10-24T18:55:20-07:00,2,25
global.js,7,js,3fd3dd67,Amelia Wong,2025-10-24,18:55:20,-07:00,2025-10-24T18:55:20-07:00,2,38
global.js,8,js,3fd3dd67,Amelia Wong,2025-10-24,18:55:20,-07:00,2025-10-24T18:55:20-07:00,2,36
global.js,9,js,3fd3dd67,Amelia Wong,2025-10-24,18:55:20,-07:00,2025-10-24T18:55:20-07:00,2,34
global.js,10,js,00000000,Not Committed Yet,2025-11-07,21:49:25,-08:00,2025-11-07T21:49:25-08:00,2,30
global.js,11,js,3fd3dd67,Amelia Wong,2025-10-24,18:55:20,-07:00,2025-10-24T18:55:20-07:00,2,51
global.js,12,js,3fd3dd67,Amelia Wong,2025-10-24,18:55:20,-07:00,2025-10-24T18:55:20-07:00,0,0
global.js,13,js,3fd3dd67,Amelia Wong,2025-10-24,18:55:20,-07:00,2025-10-24T18:55:20-07:00,0,0
global.js,14,js,3fd3dd67,Amelia Wong,2025-10-24,18:55:20,-07:00,2025-10-24T18:55:20-07:00,0,88
global.js,15,js,3fd3dd67,Amelia Wong,2025-10-24,18:55:20,-07:00,2025-10-24T18:55:20-07:00,1,3
global.js,16,js,3fd3dd67,Amelia Wong,2025-10-24,18:55:20,-07:00,2025-10-24T18:55:20-07:00,1,14
global.js,17,js,3fd3dd67,Amelia Wong,2025-10-24,18:55:20,-07:00,2025-10-24T18:55:20-07:00,0,0
global.js,18,js,3fd3dd67,Amelia Wong,2025-10-24,18:55:20,-07:00,2025-10-24T18:55:20-07:00,0,0
global.js,19,js,3fd3dd67,Amelia Wong,2025-10-24,18:55:20,-07:00,2025-10-24T18:55:20-07:00,0,38
global.js,20,js,3fd3dd67,Amelia Wong,2025-10-24,18:55:20,-07:00,2025-10-24T18:55:20-07:00,0,25
global.js,21,js,3fd3dd67,Amelia Wong,2025-10-24,18:55:20,-07:00,2025-10-24T18:55:20-07:00,0,0
global.js,22,js,3fd3dd67,Amelia Wong,2025-10-24,18:55:20,-07:00,2025-10-24T18:55:20-07:00,0,20
global.js,23,js,3fd3dd67,Amelia Wong,2025-10-24,18:55:20,-07:00,2025-10-24T18:55:20-07:00,2,61
global.js,24,js,3fd3dd67,Amelia Wong,2025-10-24,18:55:20,-07:00,2025-10-24T18:55:20-07:00,0,0
global.js,25,js,3fd3dd67,Amelia Wong,2025-10-24,18:55:20,-07:00,2025-10-24T18:55:20-07:00,2,34
global.js,26,js,3fd3dd67,Amelia Wong,2025-10-24,18:55:20,-07:00,2025-10-24T18:55:20-07:00,2,11
global.js,27,js,3fd3dd67,Amelia Wong,2025-10-24,18:55:20,-07:00,2025-10-24T18:55:20-07:00,2,22
global.js,28,js,154ffeed,Amelia Wong,2025-10-24,18:30:06,-07:00,2025-10-24T18:30:06-07:00,0,0
global.js,29,js,3fd3dd67,Amelia Wong,2025-10-24,18:55:20,-07:00,2025-10-24T18:55:20-07:00,2,17
global.js,30,js,3fd3dd67,Amelia Wong,2025-10-24,18:55:20,-07:00,2025-10-24T18:55:20-07:00,4,8
global.js,31,js,3fd3dd67,Amelia Wong,2025-10-24,18:55:20,-07:00,2025-10-24T18:55:20-07:00,4,58
global.js,32,js,3fd3dd67,Amelia Wong,2025-10-24,18:55:20,-07:00,2025-10-24T18:55:20-07:00,2,0
global.js,33,js,154ffeed,Amelia Wong,2025-10-24,18:30:06,-07:00,2025-10-24T18:30:06-07:00,0,0
global.js,34,js,3fd3dd67,Amelia Wong,2025-10-24,18:55:20,-07:00,2025-10-24T18:55:20-07:00,2,29
global.js,35,js,3fd3dd67,Amelia Wong,2025-10-24,18:55:20,-07:00,2025-10-24T18:55:20-07:00,4,18
global.js,36,js,3fd3dd67,Amelia Wong,2025-10-24,18:55:20,-07:00,2025-10-24T18:55:20-07:00,2,0
global.js,37,js,9af37814,Amelia Wong,2025-10-24,18:34:47,-07:00,2025-10-24T18:34:47-07:00,0,0
global.js,38,js,3fd3dd67,Amelia Wong,2025-10-24,18:55:20,-07:00,2025-10-24T18:55:20-07:00,2,12
global.js,39,js,bb0ad321,Amelia Wong,2025-10-24,19:15:57,-07:00,2025-10-24T19:15:57-07:00,0,0
global.js,40,js,bb0ad321,Amelia Wong,2025-10-24,19:15:57,-07:00,2025-10-24T19:15:57-07:00,0,0
global.js,41,js,bb0ad321,Amelia Wong,2025-10-24,19:15:57,-07:00,2025-10-24T19:15:57-07:00,0,31
global.js,42,js,bb0ad321,Amelia Wong,2025-10-24,19:15:57,-07:00,2025-10-24T19:15:57-07:00,1,11
global.js,43,js,bb0ad321,Amelia Wong,2025-10-24,19:15:57,-07:00,2025-10-24T19:15:57-07:00,1,0
global.js,44,js,bb0ad321,Amelia Wong,2025-10-24,19:15:57,-07:00,2025-10-24T19:15:57-07:00,1,26
global.js,45,js,bb0ad321,Amelia Wong,2025-10-24,19:15:57,-07:00,2025-10-24T19:15:57-07:00,2,4
global.js,46,js,bb0ad321,Amelia Wong,2025-10-24,19:15:57,-07:00,2025-10-24T19:15:57-07:00,2,6
global.js,47,js,bb0ad321,Amelia Wong,2025-10-24,19:15:57,-07:00,2025-10-24T19:15:57-07:00,3,43
global.js,48,js,bb0ad321,Amelia Wong,2025-10-24,19:15:57,-07:00,2025-10-24T19:15:57-07:00,3,34
global.js,49,js,bb0ad321,Amelia Wong,2025-10-24,19:15:57,-07:00,2025-10-24T19:15:57-07:00,3,32
global.js,50,js,bb0ad321,Amelia Wong,2025-10-24,19:15:57,-07:00,2025-10-24T19:15:57-07:00,2,7
global.js,51,js,bb0ad321,Amelia Wong,2025-10-24,19:15:57,-07:00,2025-10-24T19:15:57-07:00,1,6
global.js,52,js,bb0ad321,Amelia Wong,2025-10-24,19:15:57,-07:00,2025-10-24T19:15:57-07:00,1,0
global.js,53,js,20d5ecd4,Amelia Wong,2025-10-24,19:22:13,-07:00,2025-10-24T19:22:13-07:00,0,0
global.js,54,js,20d5ecd4,Amelia Wong,2025-10-24,19:22:13,-07:00,2025-10-24T19:22:13-07:00,0,0
global.js,55,js,20d5ecd4,Amelia Wong,2025-10-24,19:22:13,-07:00,2025-10-24T19:22:13-07:00,0,65
global.js,56,js,20d5ecd4,Amelia Wong,2025-10-24,19:22:13,-07:00,2025-10-24T19:22:13-07:00,0,0
global.js,57,js,20d5ecd4,Amelia Wong,2025-10-24,19:22:13,-07:00,2025-10-24T19:22:13-07:00,0,48
global.js,58,js,20d5ecd4,Amelia Wong,2025-10-24,19:22:13,-07:00,2025-10-24T19:22:13-07:00,2,33
global.js,59,js,20d5ecd4,Amelia Wong,2025-10-24,19:22:13,-07:00,2025-10-24T19:22:13-07:00,0,1
global.js,60,js,20d5ecd4,Amelia Wong,2025-10-24,19:22:13,-07:00,2025-10-24T19:22:13-07:00,0,0
global.js,61,js,20d5ecd4,Amelia Wong,2025-10-24,19:22:13,-07:00,2025-10-24T19:22:13-07:00,0,36
global.js,62,js,20d5ecd4,Amelia Wong,2025-10-24,19:22:13,-07:00,2025-10-24T19:22:13-07:00,2,70
global.js,63,js,20d5ecd4,Amelia Wong,2025-10-24,19:22:13,-07:00,2025-10-24T19:22:13-07:00,0,0
global.js,64,js,20d5ecd4,Amelia Wong,2025-10-24,19:22:13,-07:00,2025-10-24T19:22:13-07:00,2,25
global.js,65,js,20d5ecd4,Amelia Wong,2025-10-24,19:22:13,-07:00,2025-10-24T19:22:13-07:00,0,0
global.js,66,js,20d5ecd4,Amelia Wong,2025-10-24,19:22:13,-07:00,2025-10-24T19:22:13-07:00,2,37
global.js,67,js,20d5ecd4,Amelia Wong,2025-10-24,19:22:13,-07:00,2025-10-24T19:22:13-07:00,0,0
global.js,68,js,20d5ecd4,Amelia Wong,2025-10-24,19:22:13,-07:00,2025-10-24T19:22:13-07:00,0,0
global.js,69,js,20d5ecd4,Amelia Wong,2025-10-24,19:22:13,-07:00,2025-10-24T19:22:13-07:00,0,34
global.js,70,js,20d5ecd4,Amelia Wong,2025-10-24,19:22:13,-07:00,2025-10-24T19:22:13-07:00,2,39
global.js,71,js,20d5ecd4,Amelia Wong,2025-10-24,19:22:13,-07:00,2025-10-24T19:22:13-07:00,0,0
global.js,72,js,efcfb871,Amelia Wong,2025-10-24,20:20:41,-07:00,2025-10-24T20:20:41-07:00,0,0
global.js,73,js,efcfb871,Amelia Wong,2025-10-24,20:20:41,-07:00,2025-10-24T20:20:41-07:00,0,36
global.js,74,js,efcfb871,Amelia Wong,2025-10-24,20:20:41,-07:00,2025-10-24T20:20:41-07:00,1,3
global.js,75,js,efcfb871,Amelia Wong,2025-10-24,20:20:41,-07:00,2025-10-24T20:20:41-07:00,2,32
global.js,76,js,efcfb871,Amelia Wong,2025-10-24,20:20:41,-07:00,2025-10-24T20:20:41-07:00,0,0
global.js,77,js,efcfb871,Amelia Wong,2025-10-24,20:20:41,-07:00,2025-10-24T20:20:41-07:00,2,17
global.js,78,js,efcfb871,Amelia Wong,2025-10-24,20:20:41,-07:00,2025-10-24T20:20:41-07:00,3,66
global.js,79,js,efcfb871,Amelia Wong,2025-10-24,20:20:41,-07:00,2025-10-24T20:20:41-07:00,2,0
global.js,80,js,efcfb871,Amelia Wong,2025-10-24,20:20:41,-07:00,2025-10-24T20:20:41-07:00,0,0
global.js,81,js,efcfb871,Amelia Wong,2025-10-24,20:20:41,-07:00,2025-10-24T20:20:41-07:00,2,33
global.js,82,js,efcfb871,Amelia Wong,2025-10-24,20:20:41,-07:00,2025-10-24T20:20:41-07:00,0,0
global.js,83,js,efcfb871,Amelia Wong,2025-10-24,20:20:41,-07:00,2025-10-24T20:20:41-07:00,2,16
global.js,84,js,efcfb871,Amelia Wong,2025-10-24,20:20:41,-07:00,2025-10-24T20:20:41-07:00,0,0
global.js,85,js,efcfb871,Amelia Wong,2025-10-24,20:20:41,-07:00,2025-10-24T20:20:41-07:00,2,10
global.js,86,js,efcfb871,Amelia Wong,2025-10-24,20:20:41,-07:00,2025-10-24T20:20:41-07:00,1,15
global.js,87,js,efcfb871,Amelia Wong,2025-10-24,20:20:41,-07:00,2025-10-24T20:20:41-07:00,2,59
global.js,88,js,efcfb871,Amelia Wong,2025-10-24,20:20:41,-07:00,2025-10-24T20:20:41-07:00,1,0
global.js,89,js,efcfb871,Amelia Wong,2025-10-24,20:20:41,-07:00,2025-10-24T20:20:41-07:00,0,0
global.js,90,js,efcfb871,Amelia Wong,2025-10-24,20:20:41,-07:00,2025-10-24T20:20:41-07:00,0,0
global.js,91,js,efcfb871,Amelia Wong,2025-10-24,20:20:41,-07:00,2025-10-24T20:20:41-07:00,0,79
global.js,92,js,efcfb871,Amelia Wong,2025-10-24,20:20:41,-07:00,2025-10-24T20:20:41-07:00,2,22
global.js,93,js,efcfb871,Amelia Wong,2025-10-24,20:20:41,-07:00,2025-10-24T20:20:41-07:00,4,55
global.js,94,js,efcfb871,Amelia Wong,2025-10-24,20:20:41,-07:00,2025-10-24T20:20:41-07:00,4,5
global.js,95,js,efcfb871,Amelia Wong,2025-10-24,20:20:41,-07:00,2025-10-24T20:20:41-07:00,2,0
global.js,96,js,efcfb871,Amelia Wong,2025-10-24,20:20:41,-07:00,2025-10-24T20:20:41-07:00,2,30
global.js,97,js,efcfb871,Amelia Wong,2025-10-24,20:20:41,-07:00,2025-10-24T20:20:41-07:00,0,0
global.js,98,js,efcfb871,Amelia Wong,2025-10-24,20:20:41,-07:00,2025-10-24T20:20:41-07:00,2,31
global.js,99,js,efcfb871,Amelia Wong,2025-10-24,20:20:41,-07:00,2025-10-24T20:20:41-07:00,4,48
global.js,100,js,efcfb871,Amelia Wong,2025-10-24,20:20:41,-07:00,2025-10-24T20:20:41-07:00,0,0
global.js,101,js,714e170a,Amelia Wong,2025-10-31,00:07:30,-07:00,2025-10-31T00:07:30-07:00,4,28
global.js,102,js,221cb0d7,Amelia Wong,2025-10-31,00:47:23,-07:00,2025-10-31T00:47:23-07:00,4,0
global.js,103,js,aab1120b,Amelia Wong,2025-10-31,00:53:05,-07:00,2025-10-31T00:53:05-07:00,4,83
global.js,104,js,6f75b080,Amelia Wong,2025-10-31,01:02:37,-07:00,2025-10-31T01:02:37-07:00,5,39
global.js,105,js,ee3ba9ff,Amelia Wong,2025-10-31,00:21:25,-07:00,2025-10-31T00:21:25-07:00,4,0
global.js,106,js,4741a2f1,Amelia Wong,2025-10-24,23:15:42,-07:00,2025-10-24T23:15:42-07:00,0,0
global.js,107,js,efcfb871,Amelia Wong,2025-10-24,20:20:41,-07:00,2025-10-24T20:20:41-07:00,4,72
global.js,108,js,1c90df3b,Amelia Wong,2025-10-30,23:37:32,-07:00,2025-10-30T23:37:32-07:00,0,0
global.js,109,js,efcfb871,Amelia Wong,2025-10-24,20:20:41,-07:00,2025-10-24T20:20:41-07:00,4,19
global.js,110,js,efcfb871,Amelia Wong,2025-10-24,20:20:41,-07:00,2025-10-24T20:20:41-07:00,6,67
global.js,111,js,1c90df3b,Amelia Wong,2025-10-30,23:37:32,-07:00,2025-10-30T23:37:32-07:00,6,70
global.js,112,js,1c90df3b,Amelia Wong,2025-10-30,23:37:32,-07:00,2025-10-30T23:37:32-07:00,6,24
global.js,113,js,1c90df3b,Amelia Wong,2025-10-30,23:37:32,-07:00,2025-10-30T23:37:32-07:00,8,57
global.js,114,js,1c90df3b,Amelia Wong,2025-10-30,23:37:32,-07:00,2025-10-30T23:37:32-07:00,8,39
global.js,115,js,1c90df3b,Amelia Wong,2025-10-30,23:37:32,-07:00,2025-10-30T23:37:32-07:00,6,4
global.js,116,js,efcfb871,Amelia Wong,2025-10-24,20:20:41,-07:00,2025-10-24T20:20:41-07:00,4,0
global.js,117,js,efcfb871,Amelia Wong,2025-10-24,20:20:41,-07:00,2025-10-24T20:20:41-07:00,0,0
global.js,118,js,efcfb871,Amelia Wong,2025-10-24,20:20:41,-07:00,2025-10-24T20:20:41-07:00,4,36
global.js,119,js,efcfb871,Amelia Wong,2025-10-24,20:20:41,-07:00,2025-10-24T20:20:41-07:00,2,0
global.js,120,js,efcfb871,Amelia Wong,2025-10-24,20:20:41,-07:00,2025-10-24T20:20:41-07:00,0,0
global.js,121,js,10cfaf64,Amelia Wong,2025-10-24,21:25:38,-07:00,2025-10-24T21:25:38-07:00,0,0
global.js,122,js,4741a2f1,Amelia Wong,2025-10-24,23:15:42,-07:00,2025-10-24T23:15:42-07:00,0,0
global.js,123,js,10cfaf64,Amelia Wong,2025-10-24,21:25:38,-07:00,2025-10-24T21:25:38-07:00,0,47
global.js,124,js,10cfaf64,Amelia Wong,2025-10-24,21:25:38,-07:00,2025-10-24T21:25:38-07:00,1,59
global.js,125,js,89aa9f03,Amelia Wong,2025-10-24,23:06:33,-07:00,2025-10-24T23:06:33-07:00,0,0
global.js,126,js,89aa9f03,Amelia Wong,2025-10-24,23:06:33,-07:00,2025-10-24T23:06:33-07:00,0,0
resume\index.html,1,html,be53cf24,Amelia Wong,2025-10-24,17:13:16,-07:00,2025-10-24T17:13:16-07:00,0,13
resume\index.html,2,html,be53cf24,Amelia Wong,2025-10-24,17:13:16,-07:00,2025-10-24T17:13:16-07:00,0,14
resume\index.html,3,html,fea1d770,Amelia Wong,2025-10-24,16:11:53,-07:00,2025-10-24T16:11:53-07:00,0,4
resume\index.html,4,html,fea1d770,Amelia Wong,2025-10-24,16:11:53,-07:00,2025-10-24T16:11:53-07:00,2,20
resume\index.html,5,html,ef065460,Amelia Wong,2025-10-24,17:21:55,-07:00,2025-10-24T17:21:55-07:00,2,33
resume\index.html,6,html,be53cf24,Amelia Wong,2025-10-24,17:13:16,-07:00,2025-10-24T17:13:16-07:00,2,68
resume\index.html,7,html,be53cf24,Amelia Wong,2025-10-24,17:13:16,-07:00,2025-10-24T17:13:16-07:00,2,41
resume\index.html,8,html,60bc2c9e,Amelia Wong,2025-10-24,18:20:40,-07:00,2025-10-24T18:20:40-07:00,2,48
resume\index.html,9,html,fea1d770,Amelia Wong,2025-10-24,16:11:53,-07:00,2025-10-24T16:11:53-07:00,0,5
resume\index.html,10,html,fea1d770,Amelia Wong,2025-10-24,16:11:53,-07:00,2025-10-24T16:11:53-07:00,0,4
resume\index.html,11,html,fea1d770,Amelia Wong,2025-10-24,16:11:53,-07:00,2025-10-24T16:11:53-07:00,2,6
resume\index.html,12,html,be53cf24,Amelia Wong,2025-10-24,17:13:16,-07:00,2025-10-24T17:13:16-07:00,4,13
resume\index.html,13,html,3fd3dd67,Amelia Wong,2025-10-24,18:55:20,-07:00,2025-10-24T18:55:20-07:00,4,8
resume\index.html,14,html,be53cf24,Amelia Wong,2025-10-24,17:13:16,-07:00,2025-10-24T17:13:16-07:00,6,2
resume\index.html,15,html,be53cf24,Amelia Wong,2025-10-24,17:13:16,-07:00,2025-10-24T17:13:16-07:00,8,39
resume\index.html,16,html,be53cf24,Amelia Wong,2025-10-24,17:13:16,-07:00,2025-10-24T17:13:16-07:00,8,52
resume\index.html,17,html,be53cf24,Amelia Wong,2025-10-24,17:13:16,-07:00,2025-10-24T17:13:16-07:00,8,50
resume\index.html,18,html,154ffeed,Amelia Wong,2025-10-24,18:30:06,-07:00,2025-10-24T18:30:06-07:00,8,48
resume\index.html,19,html,be53cf24,Amelia Wong,2025-10-24,17:13:16,-07:00,2025-10-24T17:13:16-07:00,8,74
resume\index.html,20,html,be53cf24,Amelia Wong,2025-10-24,17:13:16,-07:00,2025-10-24T17:13:16-07:00,6,3
resume\index.html,21,html,3fd3dd67,Amelia Wong,2025-10-24,18:55:20,-07:00,2025-10-24T18:55:20-07:00,4,8
resume\index.html,22,html,fea1d770,Amelia Wong,2025-10-24,16:11:53,-07:00,2025-10-24T16:11:53-07:00,2,7
resume\index.html,23,html,be53cf24,Amelia Wong,2025-10-24,17:13:16,-07:00,2025-10-24T17:13:16-07:00,2,0
resume\index.html,24,html,574d0f29,Amelia Wong,2025-10-24,18:03:33,-07:00,2025-10-24T18:03:33-07:00,2,19
resume\index.html,25,html,fea1d770,Amelia Wong,2025-10-24,16:11:53,-07:00,2025-10-24T16:11:53-07:00,0,0
resume\index.html,26,html,be53cf24,Amelia Wong,2025-10-24,17:13:16,-07:00,2025-10-24T17:13:16-07:00,4,6
resume\index.html,27,html,be53cf24,Amelia Wong,2025-10-24,17:13:16,-07:00,2025-10-24T17:13:16-07:00,6,18
resume\index.html,28,html,fea1d770,Amelia Wong,2025-10-24,16:11:53,-07:00,2025-10-24T16:11:53-07:00,6,1
resume\index.html,29,html,be53cf24,Amelia Wong,2025-10-24,17:13:16,-07:00,2025-10-24T17:13:16-07:00,8,46
resume\index.html,30,html,be53cf24,Amelia Wong,2025-10-24,17:13:16,-07:00,2025-10-24T17:13:16-07:00,8,70
resume\index.html,31,html,be53cf24,Amelia Wong,2025-10-24,17:13:16,-07:00,2025-10-24T17:13:16-07:00,8,87
resume\index.html,32,html,fea1d770,Amelia Wong,2025-10-24,16:11:53,-07:00,2025-10-24T16:11:53-07:00,6,2
resume\index.html,33,html,be53cf24,Amelia Wong,2025-10-24,17:13:16,-07:00,2025-10-24T17:13:16-07:00,4,7
resume\index.html,34,html,fea1d770,Amelia Wong,2025-10-24,16:11:53,-07:00,2025-10-24T16:11:53-07:00,0,0
resume\index.html,35,html,be53cf24,Amelia Wong,2025-10-24,17:13:16,-07:00,2025-10-24T17:13:16-07:00,4,7
resume\index.html,36,html,be53cf24,Amelia Wong,2025-10-24,17:13:16,-07:00,2025-10-24T17:13:16-07:00,6,14
resume\index.html,37,html,be53cf24,Amelia Wong,2025-10-24,17:13:16,-07:00,2025-10-24T17:13:16-07:00,6,132
resume\index.html,38,html,be53cf24,Amelia Wong,2025-10-24,17:13:16,-07:00,2025-10-24T17:13:16-07:00,4,8
resume\index.html,39,html,fea1d770,Amelia Wong,2025-10-24,16:11:53,-07:00,2025-10-24T16:11:53-07:00,0,0
resume\index.html,40,html,be53cf24,Amelia Wong,2025-10-24,17:13:16,-07:00,2025-10-24T17:13:16-07:00,4,7
resume\index.html,41,html,be53cf24,Amelia Wong,2025-10-24,17:13:16,-07:00,2025-10-24T17:13:16-07:00,6,13
resume\index.html,42,html,be53cf24,Amelia Wong,2025-10-24,17:13:16,-07:00,2025-10-24T17:13:16-07:00,6,7
resume\index.html,43,html,be53cf24,Amelia Wong,2025-10-24,17:13:16,-07:00,2025-10-24T17:13:16-07:00,8,26
resume\index.html,44,html,be53cf24,Amelia Wong,2025-10-24,17:13:16,-07:00,2025-10-24T17:13:16-07:00,8,51
resume\index.html,45,html,be53cf24,Amelia Wong,2025-10-24,17:13:16,-07:00,2025-10-24T17:13:16-07:00,6,8
resume\index.html,46,html,be53cf24,Amelia Wong,2025-10-24,17:13:16,-07:00,2025-10-24T17:13:16-07:00,6,7
resume\index.html,47,html,be53cf24,Amelia Wong,2025-10-24,17:13:16,-07:00,2025-10-24T17:13:16-07:00,8,23
resume\index.html,48,html,be53cf24,Amelia Wong,2025-10-24,17:13:16,-07:00,2025-10-24T17:13:16-07:00,8,74
resume\index.html,49,html,be53cf24,Amelia Wong,2025-10-24,17:13:16,-07:00,2025-10-24T17:13:16-07:00,6,8
resume\index.html,50,html,be53cf24,Amelia Wong,2025-10-24,17:13:16,-07:00,2025-10-24T17:13:16-07:00,4,8
resume\index.html,51,html,fea1d770,Amelia Wong,2025-10-24,16:11:53,-07:00,2025-10-24T16:11:53-07:00,0,0
resume\index.html,52,html,be53cf24,Amelia Wong,2025-10-24,17:13:16,-07:00,2025-10-24T17:13:16-07:00,4,7
resume\index.html,53,html,be53cf24,Amelia Wong,2025-10-24,17:13:16,-07:00,2025-10-24T17:13:16-07:00,6,16
resume\index.html,54,html,be53cf24,Amelia Wong,2025-10-24,17:13:16,-07:00,2025-10-24T17:13:16-07:00,6,7
resume\index.html,55,html,be53cf24,Amelia Wong,2025-10-24,17:13:16,-07:00,2025-10-24T17:13:16-07:00,8,68
resume\index.html,56,html,be53cf24,Amelia Wong,2025-10-24,17:13:16,-07:00,2025-10-24T17:13:16-07:00,8,47
resume\index.html,57,html,be53cf24,Amelia Wong,2025-10-24,17:13:16,-07:00,2025-10-24T17:13:16-07:00,8,134
resume\index.html,58,html,be53cf24,Amelia Wong,2025-10-24,17:13:16,-07:00,2025-10-24T17:13:16-07:00,6,8
resume\index.html,59,html,be53cf24,Amelia Wong,2025-10-24,17:13:16,-07:00,2025-10-24T17:13:16-07:00,4,8
resume\index.html,60,html,fea1d770,Amelia Wong,2025-10-24,16:11:53,-07:00,2025-10-24T16:11:53-07:00,0,0
resume\index.html,61,html,be53cf24,Amelia Wong,2025-10-24,17:13:16,-07:00,2025-10-24T17:13:16-07:00,4,7
resume\index.html,62,html,be53cf24,Amelia Wong,2025-10-24,17:13:16,-07:00,2025-10-24T17:13:16-07:00,6,17
resume\index.html,63,html,be53cf24,Amelia Wong,2025-10-24,17:13:16,-07:00,2025-10-24T17:13:16-07:00,6,7
resume\index.html,64,html,be53cf24,Amelia Wong,2025-10-24,17:13:16,-07:00,2025-10-24T17:13:16-07:00,8,34
resume\index.html,65,html,be53cf24,Amelia Wong,2025-10-24,17:13:16,-07:00,2025-10-24T17:13:16-07:00,8,37
resume\index.html,66,html,be53cf24,Amelia Wong,2025-10-24,17:13:16,-07:00,2025-10-24T17:13:16-07:00,8,88
resume\index.html,67,html,be53cf24,Amelia Wong,2025-10-24,17:13:16,-07:00,2025-10-24T17:13:16-07:00,8,2
resume\index.html,68,html,be53cf24,Amelia Wong,2025-10-24,17:13:16,-07:00,2025-10-24T17:13:16-07:00,10,70
resume\index.html,69,html,be53cf24,Amelia Wong,2025-10-24,17:13:16,-07:00,2025-10-24T17:13:16-07:00,10,71
resume\index.html,70,html,be53cf24,Amelia Wong,2025-10-24,17:13:16,-07:00,2025-10-24T17:13:16-07:00,10,84
resume\index.html,71,html,be53cf24,Amelia Wong,2025-10-24,17:13:16,-07:00,2025-10-24T17:13:16-07:00,8,3
resume\index.html,72,html,be53cf24,Amelia Wong,2025-10-24,17:13:16,-07:00,2025-10-24T17:13:16-07:00,6,8
resume\index.html,73,html,fea1d770,Amelia Wong,2025-10-24,16:11:53,-07:00,2025-10-24T16:11:53-07:00,0,0
resume\index.html,74,html,be53cf24,Amelia Wong,2025-10-24,17:13:16,-07:00,2025-10-24T17:13:16-07:00,6,7
resume\index.html,75,html,be53cf24,Amelia Wong,2025-10-24,17:13:16,-07:00,2025-10-24T17:13:16-07:00,8,36
resume\index.html,76,html,be53cf24,Amelia Wong,2025-10-24,17:13:16,-07:00,2025-10-24T17:13:16-07:00,8,37
resume\index.html,77,html,be53cf24,Amelia Wong,2025-10-24,17:13:16,-07:00,2025-10-24T17:13:16-07:00,8,88
resume\index.html,78,html,be53cf24,Amelia Wong,2025-10-24,17:13:16,-07:00,2025-10-24T17:13:16-07:00,8,2
resume\index.html,79,html,be53cf24,Amelia Wong,2025-10-24,17:13:16,-07:00,2025-10-24T17:13:16-07:00,10,68
resume\index.html,80,html,be53cf24,Amelia Wong,2025-10-24,17:13:16,-07:00,2025-10-24T17:13:16-07:00,10,43
resume\index.html,81,html,be53cf24,Amelia Wong,2025-10-24,17:13:16,-07:00,2025-10-24T17:13:16-07:00,8,3
resume\index.html,82,html,be53cf24,Amelia Wong,2025-10-24,17:13:16,-07:00,2025-10-24T17:13:16-07:00,6,8
resume\index.html,83,html,be53cf24,Amelia Wong,2025-10-24,17:13:16,-07:00,2025-10-24T17:13:16-07:00,4,8
resume\index.html,84,html,fea1d770,Amelia Wong,2025-10-24,16:11:53,-07:00,2025-10-24T16:11:53-07:00,0,0
resume\index.html,85,html,be53cf24,Amelia Wong,2025-10-24,17:13:16,-07:00,2025-10-24T17:13:16-07:00,4,7
resume\index.html,86,html,be53cf24,Amelia Wong,2025-10-24,17:13:16,-07:00,2025-10-24T17:13:16-07:00,6,47
resume\index.html,87,html,be53cf24,Amelia Wong,2025-10-24,17:13:16,-07:00,2025-10-24T17:13:16-07:00,6,7
resume\index.html,88,html,be53cf24,Amelia Wong,2025-10-24,17:13:16,-07:00,2025-10-24T17:13:16-07:00,8,35
resume\index.html,89,html,be53cf24,Amelia Wong,2025-10-24,17:13:16,-07:00,2025-10-24T17:13:16-07:00,8,55
resume\index.html,90,html,be53cf24,Amelia Wong,2025-10-24,17:13:16,-07:00,2025-10-24T17:13:16-07:00,8,2
resume\index.html,91,html,be53cf24,Amelia Wong,2025-10-24,17:13:16,-07:00,2025-10-24T17:13:16-07:00,10,59
resume\index.html,92,html,be53cf24,Amelia Wong,2025-10-24,17:13:16,-07:00,2025-10-24T17:13:16-07:00,8,3
resume\index.html,93,html,be53cf24,Amelia Wong,2025-10-24,17:13:16,-07:00,2025-10-24T17:13:16-07:00,6,8
resume\index.html,94,html,be53cf24,Amelia Wong,2025-10-24,17:13:16,-07:00,2025-10-24T17:13:16-07:00,6,7
resume\index.html,95,html,be53cf24,Amelia Wong,2025-10-24,17:13:16,-07:00,2025-10-24T17:13:16-07:00,8,78
resume\index.html,96,html,be53cf24,Amelia Wong,2025-10-24,17:13:16,-07:00,2025-10-24T17:13:16-07:00,8,45
resume\index.html,97,html,be53cf24,Amelia Wong,2025-10-24,17:13:16,-07:00,2025-10-24T17:13:16-07:00,8,2
resume\index.html,98,html,be53cf24,Amelia Wong,2025-10-24,17:13:16,-07:00,2025-10-24T17:13:16-07:00,10,69
resume\index.html,99,html,be53cf24,Amelia Wong,2025-10-24,17:13:16,-07:00,2025-10-24T17:13:16-07:00,10,82
resume\index.html,100,html,be53cf24,Amelia Wong,2025-10-24,17:13:16,-07:00,2025-10-24T17:13:16-07:00,10,67
resume\index.html,101,html,be53cf24,Amelia Wong,2025-10-24,17:13:16,-07:00,2025-10-24T17:13:16-07:00,8,3
resume\index.html,102,html,be53cf24,Amelia Wong,2025-10-24,17:13:16,-07:00,2025-10-24T17:13:16-07:00,6,8
resume\index.html,103,html,be53cf24,Amelia Wong,2025-10-24,17:13:16,-07:00,2025-10-24T17:13:16-07:00,6,7
resume\index.html,104,html,be53cf24,Amelia Wong,2025-10-24,17:13:16,-07:00,2025-10-24T17:13:16-07:00,8,39
resume\index.html,105,html,be53cf24,Amelia Wong,2025-10-24,17:13:16,-07:00,2025-10-24T17:13:16-07:00,8,88
resume\index.html,106,html,be53cf24,Amelia Wong,2025-10-24,17:13:16,-07:00,2025-10-24T17:13:16-07:00,8,2
resume\index.html,107,html,be53cf24,Amelia Wong,2025-10-24,17:13:16,-07:00,2025-10-24T17:13:16-07:00,10,68
resume\index.html,108,html,be53cf24,Amelia Wong,2025-10-24,17:13:16,-07:00,2025-10-24T17:13:16-07:00,10,69
resume\index.html,109,html,be53cf24,Amelia Wong,2025-10-24,17:13:16,-07:00,2025-10-24T17:13:16-07:00,10,69
resume\index.html,110,html,be53cf24,Amelia Wong,2025-10-24,17:13:16,-07:00,2025-10-24T17:13:16-07:00,8,3
resume\index.html,111,html,be53cf24,Amelia Wong,2025-10-24,17:13:16,-07:00,2025-10-24T17:13:16-07:00,6,8
resume\index.html,112,html,be53cf24,Amelia Wong,2025-10-24,17:13:16,-07:00,2025-10-24T17:13:16-07:00,4,8
resume\index.html,113,html,be53cf24,Amelia Wong,2025-10-24,17:13:16,-07:00,2025-10-24T17:13:16-07:00,2,5
resume\index.html,114,html,be53cf24,Amelia Wong,2025-10-24,17:13:16,-07:00,2025-10-24T17:13:16-07:00,2,0
resume\index.html,115,html,fea1d770,Amelia Wong,2025-10-24,16:11:53,-07:00,2025-10-24T16:11:53-07:00,0,5
resume\index.html,116,html,be53cf24,Amelia Wong,2025-10-24,17:13:16,-07:00,2025-10-24T17:13:16-07:00,0,5
projects\projects.js,1,js,efcfb871,Amelia Wong,2025-10-24,20:20:41,-07:00,2025-10-24T20:20:41-07:00,0,55
projects\projects.js,2,js,190da004,Amelia Wong,2025-10-31,02:55:45,-07:00,2025-10-31T02:55:45-07:00,0,63
projects\projects.js,3,js,190da004,Amelia Wong,2025-10-31,02:55:45,-07:00,2025-10-31T02:55:45-07:00,0,0
projects\projects.js,4,js,efcfb871,Amelia Wong,2025-10-24,20:20:41,-07:00,2025-10-24T20:20:41-07:00,0,55
projects\projects.js,5,js,efcfb871,Amelia Wong,2025-10-24,20:20:41,-07:00,2025-10-24T20:20:41-07:00,0,60
projects\projects.js,6,js,8df8b63b,Amelia Wong,2025-10-24,20:24:16,-07:00,2025-10-24T20:24:16-07:00,0,62
projects\projects.js,7,js,10cfaf64,Amelia Wong,2025-10-24,21:25:38,-07:00,2025-10-24T21:25:38-07:00,0,56
projects\projects.js,8,js,8df8b63b,Amelia Wong,2025-10-24,20:24:16,-07:00,2025-10-24T20:24:16-07:00,0,0
projects\projects.js,9,js,190da004,Amelia Wong,2025-10-31,02:55:45,-07:00,2025-10-31T02:55:45-07:00,0,13
projects\projects.js,10,js,b13809a9,Amelia Wong,2025-10-31,02:46:39,-07:00,2025-10-31T02:46:39-07:00,0,21
projects\projects.js,11,js,190da004,Amelia Wong,2025-10-31,02:55:45,-07:00,2025-10-31T02:55:45-07:00,0,15
projects\projects.js,12,js,190da004,Amelia Wong,2025-10-31,02:55:45,-07:00,2025-10-31T02:55:45-07:00,0,0
projects\projects.js,13,js,190da004,Amelia Wong,2025-10-31,02:55:45,-07:00,2025-10-31T02:55:45-07:00,0,30
projects\projects.js,14,js,190da004,Amelia Wong,2025-10-31,02:55:45,-07:00,2025-10-31T02:55:45-07:00,1,29
projects\projects.js,15,js,190da004,Amelia Wong,2025-10-31,02:55:45,-07:00,2025-10-31T02:55:45-07:00,2,77
projects\projects.js,16,js,190da004,Amelia Wong,2025-10-31,02:55:45,-07:00,2025-10-31T02:55:45-07:00,2,82
projects\projects.js,17,js,190da004,Amelia Wong,2025-10-31,02:55:45,-07:00,2025-10-31T02:55:45-07:00,2,33
projects\projects.js,18,js,190da004,Amelia Wong,2025-10-31,02:55:45,-07:00,2025-10-31T02:55:45-07:00,1,1
projects\projects.js,19,js,190da004,Amelia Wong,2025-10-31,02:55:45,-07:00,2025-10-31T02:55:45-07:00,0,0
projects\projects.js,20,js,8df8b63b,Amelia Wong,2025-10-24,20:24:16,-07:00,2025-10-24T20:24:16-07:00,0,0
projects\projects.js,21,js,190da004,Amelia Wong,2025-10-31,02:55:45,-07:00,2025-10-31T02:55:45-07:00,0,40
projects\projects.js,22,js,190da004,Amelia Wong,2025-10-31,02:55:45,-07:00,2025-10-31T02:55:45-07:00,1,42
projects\projects.js,23,js,190da004,Amelia Wong,2025-10-31,02:55:45,-07:00,2025-10-31T02:55:45-07:00,1,34
projects\projects.js,24,js,190da004,Amelia Wong,2025-10-31,02:55:45,-07:00,2025-10-31T02:55:45-07:00,1,26
projects\projects.js,25,js,190da004,Amelia Wong,2025-10-31,02:55:45,-07:00,2025-10-31T02:55:45-07:00,1,29
projects\projects.js,26,js,190da004,Amelia Wong,2025-10-31,02:55:45,-07:00,2025-10-31T02:55:45-07:00,0,0
projects\projects.js,27,js,190da004,Amelia Wong,2025-10-31,02:55:45,-07:00,2025-10-31T02:55:45-07:00,1,28
projects\projects.js,28,js,190da004,Amelia Wong,2025-10-31,02:55:45,-07:00,2025-10-31T02:55:45-07:00,2,14
projects\projects.js,29,js,190da004,Amelia Wong,2025-10-31,02:55:45,-07:00,2025-10-31T02:55:45-07:00,2,14
projects\projects.js,30,js,190da004,Amelia Wong,2025-10-31,02:55:45,-07:00,2025-10-31T02:55:45-07:00,2,11
projects\projects.js,31,js,190da004,Amelia Wong,2025-10-31,02:55:45,-07:00,2025-10-31T02:55:45-07:00,1,0
projects\projects.js,32,js,190da004,Amelia Wong,2025-10-31,02:55:45,-07:00,2025-10-31T02:55:45-07:00,0,0
projects\projects.js,33,js,190da004,Amelia Wong,2025-10-31,02:55:45,-07:00,2025-10-31T02:55:45-07:00,1,75
projects\projects.js,34,js,190da004,Amelia Wong,2025-10-31,02:55:45,-07:00,2025-10-31T02:55:45-07:00,0,0
projects\projects.js,35,js,190da004,Amelia Wong,2025-10-31,02:55:45,-07:00,2025-10-31T02:55:45-07:00,1,59
projects\projects.js,36,js,190da004,Amelia Wong,2025-10-31,02:55:45,-07:00,2025-10-31T02:55:45-07:00,1,52
projects\projects.js,37,js,190da004,Amelia Wong,2025-10-31,02:55:45,-07:00,2025-10-31T02:55:45-07:00,1,35
projects\projects.js,38,js,190da004,Amelia Wong,2025-10-31,02:55:45,-07:00,2025-10-31T02:55:45-07:00,1,49
projects\projects.js,39,js,190da004,Amelia Wong,2025-10-31,02:55:45,-07:00,2025-10-31T02:55:45-07:00,0,0
projects\projects.js,40,js,190da004,Amelia Wong,2025-10-31,02:55:45,-07:00,2025-10-31T02:55:45-07:00,1,24
projects\projects.js,41,js,190da004,Amelia Wong,2025-10-31,02:55:45,-07:00,2025-10-31T02:55:45-07:00,2,1
projects\projects.js,42,js,190da004,Amelia Wong,2025-10-31,02:55:45,-07:00,2025-10-31T02:55:45-07:00,3,13
projects\projects.js,43,js,190da004,Amelia Wong,2025-10-31,02:55:45,-07:00,2025-10-31T02:55:45-07:00,3,27
projects\projects.js,44,js,190da004,Amelia Wong,2025-10-31,02:55:45,-07:00,2025-10-31T02:55:45-07:00,3,22
projects\projects.js,45,js,190da004,Amelia Wong,2025-10-31,02:55:45,-07:00,2025-10-31T02:55:45-07:00,3,51
projects\projects.js,46,js,190da004,Amelia Wong,2025-10-31,02:55:45,-07:00,2025-10-31T02:55:45-07:00,3,18
projects\projects.js,47,js,190da004,Amelia Wong,2025-10-31,02:55:45,-07:00,2025-10-31T02:55:45-07:00,4,43
projects\projects.js,48,js,190da004,Amelia Wong,2025-10-31,02:55:45,-07:00,2025-10-31T02:55:45-07:00,0,0
projects\projects.js,49,js,190da004,Amelia Wong,2025-10-31,02:55:45,-07:00,2025-10-31T02:55:45-07:00,4,45
projects\projects.js,50,js,190da004,Amelia Wong,2025-10-31,02:55:45,-07:00,2025-10-31T02:55:45-07:00,4,56
projects\projects.js,51,js,190da004,Amelia Wong,2025-10-31,02:55:45,-07:00,2025-10-31T02:55:45-07:00,4,31
projects\projects.js,52,js,190da004,Amelia Wong,2025-10-31,02:55:45,-07:00,2025-10-31T02:55:45-07:00,3,1
projects\projects.js,53,js,190da004,Amelia Wong,2025-10-31,02:55:45,-07:00,2025-10-31T02:55:45-07:00,1,1
projects\projects.js,54,js,190da004,Amelia Wong,2025-10-31,02:55:45,-07:00,2025-10-31T02:55:45-07:00,0,0
projects\projects.js,55,js,190da004,Amelia Wong,2025-10-31,02:55:45,-07:00,2025-10-31T02:55:45-07:00,1,25
projects\projects.js,56,js,465569dd,Amelia Wong,2025-10-31,02:25:43,-07:00,2025-10-31T02:25:43-07:00,2,4
projects\projects.js,57,js,190da004,Amelia Wong,2025-10-31,02:55:45,-07:00,2025-10-31T02:55:45-07:00,3,11
projects\projects.js,58,js,190da004,Amelia Wong,2025-10-31,02:55:45,-07:00,2025-10-31T02:55:45-07:00,3,36
projects\projects.js,59,js,190da004,Amelia Wong,2025-10-31,02:55:45,-07:00,2025-10-31T02:55:45-07:00,3,74
projects\projects.js,60,js,190da004,Amelia Wong,2025-10-31,02:55:45,-07:00,2025-10-31T02:55:45-07:00,3,68
projects\projects.js,61,js,190da004,Amelia Wong,2025-10-31,02:55:45,-07:00,2025-10-31T02:55:45-07:00,3,18
projects\projects.js,62,js,190da004,Amelia Wong,2025-10-31,02:55:45,-07:00,2025-10-31T02:55:45-07:00,4,43
projects\projects.js,63,js,190da004,Amelia Wong,2025-10-31,02:55:45,-07:00,2025-10-31T02:55:45-07:00,4,45
projects\projects.js,64,js,190da004,Amelia Wong,2025-10-31,02:55:45,-07:00,2025-10-31T02:55:45-07:00,4,56
projects\projects.js,65,js,190da004,Amelia Wong,2025-10-31,02:55:45,-07:00,2025-10-31T02:55:45-07:00,4,31
projects\projects.js,66,js,190da004,Amelia Wong,2025-10-31,02:55:45,-07:00,2025-10-31T02:55:45-07:00,3,1
projects\projects.js,67,js,190da004,Amelia Wong,2025-10-31,02:55:45,-07:00,2025-10-31T02:55:45-07:00,1,1
projects\projects.js,68,js,465569dd,Amelia Wong,2025-10-31,02:25:43,-07:00,2025-10-31T02:25:43-07:00,0,0
projects\projects.js,69,js,465569dd,Amelia Wong,2025-10-31,02:25:43,-07:00,2025-10-31T02:25:43-07:00,0,0
projects\projects.js,70,js,190da004,Amelia Wong,2025-10-31,02:55:45,-07:00,2025-10-31T02:55:45-07:00,0,48
projects\projects.js,71,js,190da004,Amelia Wong,2025-10-31,02:55:45,-07:00,2025-10-31T02:55:45-07:00,0,23
projects\projects.js,72,js,465569dd,Amelia Wong,2025-10-31,02:25:43,-07:00,2025-10-31T02:25:43-07:00,0,0
projects\projects.js,73,js,465569dd,Amelia Wong,2025-10-31,02:25:43,-07:00,2025-10-31T02:25:43-07:00,0,55
projects\projects.js,74,js,465569dd,Amelia Wong,2025-10-31,02:25:43,-07:00,2025-10-31T02:25:43-07:00,0,48
projects\projects.js,75,js,190da004,Amelia Wong,2025-10-31,02:55:45,-07:00,2025-10-31T02:55:45-07:00,1,39
projects\projects.js,76,js,465569dd,Amelia Wong,2025-10-31,02:25:43,-07:00,2025-10-31T02:25:43-07:00,0,0
projects\projects.js,77,js,190da004,Amelia Wong,2025-10-31,02:55:45,-07:00,2025-10-31T02:55:45-07:00,1,45
projects\projects.js,78,js,190da004,Amelia Wong,2025-10-31,02:55:45,-07:00,2025-10-31T02:55:45-07:00,1,56
projects\projects.js,79,js,190da004,Amelia Wong,2025-10-31,02:55:45,-07:00,2025-10-31T02:55:45-07:00,1,31
projects\projects.js,80,js,3033591c,Amelia Wong,2025-10-31,01:35:00,-07:00,2025-10-31T01:35:00-07:00,0,1
projects\index.html,1,html,be53cf24,Amelia Wong,2025-10-24,17:13:16,-07:00,2025-10-24T17:13:16-07:00,0,13
projects\index.html,2,html,be53cf24,Amelia Wong,2025-10-24,17:13:16,-07:00,2025-10-24T17:13:16-07:00,0,14
projects\index.html,3,html,be53cf24,Amelia Wong,2025-10-24,17:13:16,-07:00,2025-10-24T17:13:16-07:00,0,4
projects\index.html,4,html,be53cf24,Amelia Wong,2025-10-24,17:13:16,-07:00,2025-10-24T17:13:16-07:00,2,20
projects\index.html,5,html,be53cf24,Amelia Wong,2025-10-24,17:13:16,-07:00,2025-10-24T17:13:16-07:00,2,68
projects\index.html,6,html,ef065460,Amelia Wong,2025-10-24,17:21:55,-07:00,2025-10-24T17:21:55-07:00,2,35
projects\index.html,7,html,ef065460,Amelia Wong,2025-10-24,17:21:55,-07:00,2025-10-24T17:21:55-07:00,2,41
projects\index.html,8,html,60bc2c9e,Amelia Wong,2025-10-24,18:20:40,-07:00,2025-10-24T18:20:40-07:00,2,48
projects\index.html,9,html,be53cf24,Amelia Wong,2025-10-24,17:13:16,-07:00,2025-10-24T17:13:16-07:00,0,5
projects\index.html,10,html,be53cf24,Amelia Wong,2025-10-24,17:13:16,-07:00,2025-10-24T17:13:16-07:00,0,4
projects\index.html,11,html,be53cf24,Amelia Wong,2025-10-24,17:13:16,-07:00,2025-10-24T17:13:16-07:00,2,6
projects\index.html,12,html,8df8b63b,Amelia Wong,2025-10-24,20:24:16,-07:00,2025-10-24T20:24:16-07:00,4,38
projects\index.html,13,html,3fd3dd67,Amelia Wong,2025-10-24,18:55:20,-07:00,2025-10-24T18:55:20-07:00,4,8
projects\index.html,14,html,be53cf24,Amelia Wong,2025-10-24,17:13:16,-07:00,2025-10-24T17:13:16-07:00,6,2
projects\index.html,15,html,be53cf24,Amelia Wong,2025-10-24,17:13:16,-07:00,2025-10-24T17:13:16-07:00,8,39
projects\index.html,16,html,154ffeed,Amelia Wong,2025-10-24,18:30:06,-07:00,2025-10-24T18:30:06-07:00,8,52
projects\index.html,17,html,be53cf24,Amelia Wong,2025-10-24,17:13:16,-07:00,2025-10-24T17:13:16-07:00,8,52
projects\index.html,18,html,be53cf24,Amelia Wong,2025-10-24,17:13:16,-07:00,2025-10-24T17:13:16-07:00,8,50
projects\index.html,19,html,be53cf24,Amelia Wong,2025-10-24,17:13:16,-07:00,2025-10-24T17:13:16-07:00,8,74
projects\index.html,20,html,be53cf24,Amelia Wong,2025-10-24,17:13:16,-07:00,2025-10-24T17:13:16-07:00,6,3
projects\index.html,21,html,3fd3dd67,Amelia Wong,2025-10-24,18:55:20,-07:00,2025-10-24T18:55:20-07:00,4,8
projects\index.html,22,html,be53cf24,Amelia Wong,2025-10-24,17:13:16,-07:00,2025-10-24T17:13:16-07:00,2,7
projects\index.html,23,html,be53cf24,Amelia Wong,2025-10-24,17:13:16,-07:00,2025-10-24T17:13:16-07:00,2,0
projects\index.html,24,html,be53cf24,Amelia Wong,2025-10-24,17:13:16,-07:00,2025-10-24T17:13:16-07:00,2,4
projects\index.html,25,html,974e475c,Amelia Wong,2025-10-31,01:47:25,-07:00,2025-10-31T01:47:25-07:00,4,21
projects\index.html,26,html,974e475c,Amelia Wong,2025-10-31,01:47:25,-07:00,2025-10-31T01:47:25-07:00,6,58
projects\index.html,27,html,974e475c,Amelia Wong,2025-10-31,01:47:25,-07:00,2025-10-31T01:47:25-07:00,6,22
projects\index.html,28,html,974e475c,Amelia Wong,2025-10-31,01:47:25,-07:00,2025-10-31T01:47:25-07:00,4,4
projects\index.html,29,html,2c8baf52,Amelia Wong,2025-10-30,23:54:09,-07:00,2025-10-30T23:54:09-07:00,0,0
projects\index.html,30,html,465569dd,Amelia Wong,2025-10-31,02:25:43,-07:00,2025-10-31T02:25:43-07:00,4,4
projects\index.html,31,html,465569dd,Amelia Wong,2025-10-31,02:25:43,-07:00,2025-10-31T02:25:43-07:00,6,15
projects\index.html,32,html,465569dd,Amelia Wong,2025-10-31,02:25:43,-07:00,2025-10-31T02:25:43-07:00,6,11
projects\index.html,33,html,465569dd,Amelia Wong,2025-10-31,02:25:43,-07:00,2025-10-31T02:25:43-07:00,6,26
projects\index.html,34,html,465569dd,Amelia Wong,2025-10-31,02:25:43,-07:00,2025-10-31T02:25:43-07:00,6,31
projects\index.html,35,html,465569dd,Amelia Wong,2025-10-31,02:25:43,-07:00,2025-10-31T02:25:43-07:00,4,0
projects\index.html,36,html,2c8baf52,Amelia Wong,2025-10-30,23:54:09,-07:00,2025-10-30T23:54:09-07:00,0,0
projects\index.html,37,html,4adc4614,Amelia Wong,2025-10-31,02:30:32,-07:00,2025-10-31T02:30:32-07:00,4,2
projects\index.html,38,html,4adc4614,Amelia Wong,2025-10-31,02:30:32,-07:00,2025-10-31T02:30:32-07:00,0,0
projects\index.html,39,html,7394f137,Amelia Wong,2025-10-24,17:58:30,-07:00,2025-10-24T17:58:30-07:00,4,20
projects\index.html,40,html,efcfb871,Amelia Wong,2025-10-24,20:20:41,-07:00,2025-10-24T20:20:41-07:00,6,12
projects\index.html,41,html,7394f137,Amelia Wong,2025-10-24,17:58:30,-07:00,2025-10-24T17:58:30-07:00,8,29
projects\index.html,42,html,7394f137,Amelia Wong,2025-10-24,17:58:30,-07:00,2025-10-24T17:58:30-07:00,8,70
projects\index.html,43,html,7394f137,Amelia Wong,2025-10-24,17:58:30,-07:00,2025-10-24T17:58:30-07:00,8,241
projects\index.html,44,html,7394f137,Amelia Wong,2025-10-24,17:58:30,-07:00,2025-10-24T17:58:30-07:00,6,8
projects\index.html,45,html,7394f137,Amelia Wong,2025-10-24,17:58:30,-07:00,2025-10-24T17:58:30-07:00,6,7
projects\index.html,46,html,7394f137,Amelia Wong,2025-10-24,17:58:30,-07:00,2025-10-24T17:58:30-07:00,8,36
projects\index.html,47,html,7394f137,Amelia Wong,2025-10-24,17:58:30,-07:00,2025-10-24T17:58:30-07:00,8,70
projects\index.html,48,html,7394f137,Amelia Wong,2025-10-24,17:58:30,-07:00,2025-10-24T17:58:30-07:00,8,208
projects\index.html,49,html,7394f137,Amelia Wong,2025-10-24,17:58:30,-07:00,2025-10-24T17:58:30-07:00,6,8
projects\index.html,50,html,7394f137,Amelia Wong,2025-10-24,17:58:30,-07:00,2025-10-24T17:58:30-07:00,6,7
projects\index.html,51,html,7394f137,Amelia Wong,2025-10-24,17:58:30,-07:00,2025-10-24T17:58:30-07:00,8,40
projects\index.html,52,html,7394f137,Amelia Wong,2025-10-24,17:58:30,-07:00,2025-10-24T17:58:30-07:00,8,70
projects\index.html,53,html,7394f137,Amelia Wong,2025-10-24,17:58:30,-07:00,2025-10-24T17:58:30-07:00,8,220
projects\index.html,54,html,7394f137,Amelia Wong,2025-10-24,17:58:30,-07:00,2025-10-24T17:58:30-07:00,6,8
projects\index.html,55,html,7394f137,Amelia Wong,2025-10-24,17:58:30,-07:00,2025-10-24T17:58:30-07:00,6,7
projects\index.html,56,html,7394f137,Amelia Wong,2025-10-24,17:58:30,-07:00,2025-10-24T17:58:30-07:00,8,39
projects\index.html,57,html,7394f137,Amelia Wong,2025-10-24,17:58:30,-07:00,2025-10-24T17:58:30-07:00,8,70
projects\index.html,58,html,7394f137,Amelia Wong,2025-10-24,17:58:30,-07:00,2025-10-24T17:58:30-07:00,8,236
projects\index.html,59,html,7394f137,Amelia Wong,2025-10-24,17:58:30,-07:00,2025-10-24T17:58:30-07:00,6,8
projects\index.html,60,html,7394f137,Amelia Wong,2025-10-24,17:58:30,-07:00,2025-10-24T17:58:30-07:00,6,7
projects\index.html,61,html,7394f137,Amelia Wong,2025-10-24,17:58:30,-07:00,2025-10-24T17:58:30-07:00,8,45
projects\index.html,62,html,7394f137,Amelia Wong,2025-10-24,17:58:30,-07:00,2025-10-24T17:58:30-07:00,8,70
projects\index.html,63,html,7394f137,Amelia Wong,2025-10-24,17:58:30,-07:00,2025-10-24T17:58:30-07:00,8,229
projects\index.html,64,html,7394f137,Amelia Wong,2025-10-24,17:58:30,-07:00,2025-10-24T17:58:30-07:00,6,8
projects\index.html,65,html,7394f137,Amelia Wong,2025-10-24,17:58:30,-07:00,2025-10-24T17:58:30-07:00,6,7
projects\index.html,66,html,7394f137,Amelia Wong,2025-10-24,17:58:30,-07:00,2025-10-24T17:58:30-07:00,8,26
projects\index.html,67,html,7394f137,Amelia Wong,2025-10-24,17:58:30,-07:00,2025-10-24T17:58:30-07:00,8,70
projects\index.html,68,html,7394f137,Amelia Wong,2025-10-24,17:58:30,-07:00,2025-10-24T17:58:30-07:00,8,218
projects\index.html,69,html,7394f137,Amelia Wong,2025-10-24,17:58:30,-07:00,2025-10-24T17:58:30-07:00,6,8
projects\index.html,70,html,7394f137,Amelia Wong,2025-10-24,17:58:30,-07:00,2025-10-24T17:58:30-07:00,6,7
projects\index.html,71,html,7394f137,Amelia Wong,2025-10-24,17:58:30,-07:00,2025-10-24T17:58:30-07:00,8,31
projects\index.html,72,html,7394f137,Amelia Wong,2025-10-24,17:58:30,-07:00,2025-10-24T17:58:30-07:00,8,70
projects\index.html,73,html,7394f137,Amelia Wong,2025-10-24,17:58:30,-07:00,2025-10-24T17:58:30-07:00,8,255
projects\index.html,74,html,7394f137,Amelia Wong,2025-10-24,17:58:30,-07:00,2025-10-24T17:58:30-07:00,6,8
projects\index.html,75,html,7394f137,Amelia Wong,2025-10-24,17:58:30,-07:00,2025-10-24T17:58:30-07:00,6,7
projects\index.html,76,html,7394f137,Amelia Wong,2025-10-24,17:58:30,-07:00,2025-10-24T17:58:30-07:00,8,47
projects\index.html,77,html,7394f137,Amelia Wong,2025-10-24,17:58:30,-07:00,2025-10-24T17:58:30-07:00,8,70
projects\index.html,78,html,7394f137,Amelia Wong,2025-10-24,17:58:30,-07:00,2025-10-24T17:58:30-07:00,8,219
projects\index.html,79,html,7394f137,Amelia Wong,2025-10-24,17:58:30,-07:00,2025-10-24T17:58:30-07:00,6,8
projects\index.html,80,html,7394f137,Amelia Wong,2025-10-24,17:58:30,-07:00,2025-10-24T17:58:30-07:00,6,7
projects\index.html,81,html,7394f137,Amelia Wong,2025-10-24,17:58:30,-07:00,2025-10-24T17:58:30-07:00,8,34
projects\index.html,82,html,7394f137,Amelia Wong,2025-10-24,17:58:30,-07:00,2025-10-24T17:58:30-07:00,8,70
projects\index.html,83,html,7394f137,Amelia Wong,2025-10-24,17:58:30,-07:00,2025-10-24T17:58:30-07:00,8,245
projects\index.html,84,html,7394f137,Amelia Wong,2025-10-24,17:58:30,-07:00,2025-10-24T17:58:30-07:00,6,8
projects\index.html,85,html,7394f137,Amelia Wong,2025-10-24,17:58:30,-07:00,2025-10-24T17:58:30-07:00,6,7
projects\index.html,86,html,7394f137,Amelia Wong,2025-10-24,17:58:30,-07:00,2025-10-24T17:58:30-07:00,8,42
projects\index.html,87,html,7394f137,Amelia Wong,2025-10-24,17:58:30,-07:00,2025-10-24T17:58:30-07:00,8,70
projects\index.html,88,html,7394f137,Amelia Wong,2025-10-24,17:58:30,-07:00,2025-10-24T17:58:30-07:00,8,233
projects\index.html,89,html,7394f137,Amelia Wong,2025-10-24,17:58:30,-07:00,2025-10-24T17:58:30-07:00,6,8
projects\index.html,90,html,7394f137,Amelia Wong,2025-10-24,17:58:30,-07:00,2025-10-24T17:58:30-07:00,6,7
projects\index.html,91,html,7394f137,Amelia Wong,2025-10-24,17:58:30,-07:00,2025-10-24T17:58:30-07:00,8,31
projects\index.html,92,html,7394f137,Amelia Wong,2025-10-24,17:58:30,-07:00,2025-10-24T17:58:30-07:00,8,70
projects\index.html,93,html,7394f137,Amelia Wong,2025-10-24,17:58:30,-07:00,2025-10-24T17:58:30-07:00,8,234
projects\index.html,94,html,7394f137,Amelia Wong,2025-10-24,17:58:30,-07:00,2025-10-24T17:58:30-07:00,6,8
projects\index.html,95,html,7394f137,Amelia Wong,2025-10-24,17:58:30,-07:00,2025-10-24T17:58:30-07:00,6,7
projects\index.html,96,html,7394f137,Amelia Wong,2025-10-24,17:58:30,-07:00,2025-10-24T17:58:30-07:00,8,38
projects\index.html,97,html,7394f137,Amelia Wong,2025-10-24,17:58:30,-07:00,2025-10-24T17:58:30-07:00,8,70
projects\index.html,98,html,7394f137,Amelia Wong,2025-10-24,17:58:30,-07:00,2025-10-24T17:58:30-07:00,8,221
projects\index.html,99,html,efcfb871,Amelia Wong,2025-10-24,20:20:41,-07:00,2025-10-24T20:20:41-07:00,6,12
projects\index.html,100,html,7394f137,Amelia Wong,2025-10-24,17:58:30,-07:00,2025-10-24T17:58:30-07:00,4,4
projects\index.html,101,html,7394f137,Amelia Wong,2025-10-24,17:58:30,-07:00,2025-10-24T17:58:30-07:00,0,0
projects\index.html,102,html,be53cf24,Amelia Wong,2025-10-24,17:13:16,-07:00,2025-10-24T17:13:16-07:00,2,5
projects\index.html,103,html,efcfb871,Amelia Wong,2025-10-24,20:20:41,-07:00,2025-10-24T20:20:41-07:00,2,48
projects\index.html,104,html,efcfb871,Amelia Wong,2025-10-24,20:20:41,-07:00,2025-10-24T20:20:41-07:00,2,47
projects\index.html,105,html,be53cf24,Amelia Wong,2025-10-24,17:13:16,-07:00,2025-10-24T17:13:16-07:00,0,5
projects\index.html,106,html,be53cf24,Amelia Wong,2025-10-24,17:13:16,-07:00,2025-10-24T17:13:16-07:00,0,5
contact\index.html,1,html,be53cf24,Amelia Wong,2025-10-24,17:13:16,-07:00,2025-10-24T17:13:16-07:00,0,13
contact\index.html,2,html,be53cf24,Amelia Wong,2025-10-24,17:13:16,-07:00,2025-10-24T17:13:16-07:00,0,14
contact\index.html,3,html,be53cf24,Amelia Wong,2025-10-24,17:13:16,-07:00,2025-10-24T17:13:16-07:00,0,4
contact\index.html,4,html,be53cf24,Amelia Wong,2025-10-24,17:13:16,-07:00,2025-10-24T17:13:16-07:00,2,20
contact\index.html,5,html,be53cf24,Amelia Wong,2025-10-24,17:13:16,-07:00,2025-10-24T17:13:16-07:00,2,68
contact\index.html,6,html,ef065460,Amelia Wong,2025-10-24,17:21:55,-07:00,2025-10-24T17:21:55-07:00,2,34
contact\index.html,7,html,ef065460,Amelia Wong,2025-10-24,17:21:55,-07:00,2025-10-24T17:21:55-07:00,2,41
contact\index.html,8,html,60bc2c9e,Amelia Wong,2025-10-24,18:20:40,-07:00,2025-10-24T18:20:40-07:00,2,48
contact\index.html,9,html,be53cf24,Amelia Wong,2025-10-24,17:13:16,-07:00,2025-10-24T17:13:16-07:00,0,5
contact\index.html,10,html,be53cf24,Amelia Wong,2025-10-24,17:13:16,-07:00,2025-10-24T17:13:16-07:00,0,4
contact\index.html,11,html,be53cf24,Amelia Wong,2025-10-24,17:13:16,-07:00,2025-10-24T17:13:16-07:00,2,6
contact\index.html,12,html,be53cf24,Amelia Wong,2025-10-24,17:13:16,-07:00,2025-10-24T17:13:16-07:00,4,14
contact\index.html,13,html,3fd3dd67,Amelia Wong,2025-10-24,18:55:20,-07:00,2025-10-24T18:55:20-07:00,4,8
contact\index.html,14,html,be53cf24,Amelia Wong,2025-10-24,17:13:16,-07:00,2025-10-24T17:13:16-07:00,6,2
contact\index.html,15,html,be53cf24,Amelia Wong,2025-10-24,17:13:16,-07:00,2025-10-24T17:13:16-07:00,8,39
contact\index.html,16,html,be53cf24,Amelia Wong,2025-10-24,17:13:16,-07:00,2025-10-24T17:13:16-07:00,8,52
contact\index.html,17,html,154ffeed,Amelia Wong,2025-10-24,18:30:06,-07:00,2025-10-24T18:30:06-07:00,8,52
contact\index.html,18,html,be53cf24,Amelia Wong,2025-10-24,17:13:16,-07:00,2025-10-24T17:13:16-07:00,8,50
contact\index.html,19,html,be53cf24,Amelia Wong,2025-10-24,17:13:16,-07:00,2025-10-24T17:13:16-07:00,8,74
contact\index.html,20,html,be53cf24,Amelia Wong,2025-10-24,17:13:16,-07:00,2025-10-24T17:13:16-07:00,6,3
contact\index.html,21,html,3fd3dd67,Amelia Wong,2025-10-24,18:55:20,-07:00,2025-10-24T18:55:20-07:00,4,8
contact\index.html,22,html,be53cf24,Amelia Wong,2025-10-24,17:13:16,-07:00,2025-10-24T17:13:16-07:00,2,7
contact\index.html,23,html,be53cf24,Amelia Wong,2025-10-24,17:13:16,-07:00,2025-10-24T17:13:16-07:00,2,0
contact\index.html,24,html,be53cf24,Amelia Wong,2025-10-24,17:13:16,-07:00,2025-10-24T17:13:16-07:00,2,4
contact\index.html,25,html,0cd747ad,Amelia Wong,2025-10-24,17:43:51,-07:00,2025-10-24T17:43:51-07:00,4,71
contact\index.html,26,html,322f8f19,Amelia Wong,2025-10-24,17:50:49,-07:00,2025-10-24T17:50:49-07:00,6,20
contact\index.html,27,html,322f8f19,Amelia Wong,2025-10-24,17:50:49,-07:00,2025-10-24T17:50:49-07:00,8,30
contact\index.html,28,html,322f8f19,Amelia Wong,2025-10-24,17:50:49,-07:00,2025-10-24T17:50:49-07:00,8,42
contact\index.html,29,html,322f8f19,Amelia Wong,2025-10-24,17:50:49,-07:00,2025-10-24T17:50:49-07:00,6,4
contact\index.html,30,html,322f8f19,Amelia Wong,2025-10-24,17:50:49,-07:00,2025-10-24T17:50:49-07:00,0,0
contact\index.html,31,html,322f8f19,Amelia Wong,2025-10-24,17:50:49,-07:00,2025-10-24T17:50:49-07:00,6,20
contact\index.html,32,html,322f8f19,Amelia Wong,2025-10-24,17:50:49,-07:00,2025-10-24T17:50:49-07:00,8,34
contact\index.html,33,html,322f8f19,Amelia Wong,2025-10-24,17:50:49,-07:00,2025-10-24T17:50:49-07:00,8,33
contact\index.html,34,html,322f8f19,Amelia Wong,2025-10-24,17:50:49,-07:00,2025-10-24T17:50:49-07:00,6,4
contact\index.html,35,html,322f8f19,Amelia Wong,2025-10-24,17:50:49,-07:00,2025-10-24T17:50:49-07:00,0,0
contact\index.html,36,html,322f8f19,Amelia Wong,2025-10-24,17:50:49,-07:00,2025-10-24T17:50:49-07:00,6,20
contact\index.html,37,html,322f8f19,Amelia Wong,2025-10-24,17:50:49,-07:00,2025-10-24T17:50:49-07:00,8,28
contact\index.html,38,html,322f8f19,Amelia Wong,2025-10-24,17:50:49,-07:00,2025-10-24T17:50:49-07:00,8,41
contact\index.html,39,html,322f8f19,Amelia Wong,2025-10-24,17:50:49,-07:00,2025-10-24T17:50:49-07:00,6,4
contact\index.html,40,html,60bc2c9e,Amelia Wong,2025-10-24,18:20:40,-07:00,2025-10-24T18:20:40-07:00,0,0
contact\index.html,41,html,be53cf24,Amelia Wong,2025-10-24,17:13:16,-07:00,2025-10-24T17:13:16-07:00,6,21
contact\index.html,42,html,be53cf24,Amelia Wong,2025-10-24,17:13:16,-07:00,2025-10-24T17:13:16-07:00,4,5
contact\index.html,43,html,be53cf24,Amelia Wong,2025-10-24,17:13:16,-07:00,2025-10-24T17:13:16-07:00,2,5
contact\index.html,44,html,be53cf24,Amelia Wong,2025-10-24,17:13:16,-07:00,2025-10-24T17:13:16-07:00,2,0
contact\index.html,45,html,be53cf24,Amelia Wong,2025-10-24,17:13:16,-07:00,2025-10-24T17:13:16-07:00,0,5
contact\index.html,46,html,be53cf24,Amelia Wong,2025-10-24,17:13:16,-07:00,2025-10-24T17:13:16-07:00,0,5
